zip,median_home_value_acs,zhvi,median_hh_income
90001,513166.5437627208,593881.1942944229,60269.05289339766
90002,510233.7716673784,594950.6855428707,57164.63797246637
90003,542705.8332045665,607194.401805317,55505.7038932044
90004,1459948.3170847818,1450674.51456163,70009.63178651681
90005,1058900.527510119,894444.8325248426,56256.83345297561
90006,891769.9954994863,757348.2180237757,50758.75718384844
90007,850732.5916787001,900870.502815485,40530.04193380976
90008,962302.0226360935,1078515.997195123,65503.0690112766
90011,568298.1338667852,602357.175498667,53202.318056425334
90012,744029.478048878,602362.4474063222,65121.72277695858
90013,725187.8950869602,604553.1410822031,51383.85183123952
90014,661057.7832697493,541981.2563588558,45526.146706913416
90015,948149.7688553638,615078.2061700613,68606.36719540616
90016,964629.620507576,944420.1629104835,76123.07590770957
90017,681556.7236733045,581628.8969874367,57281.675979620486
90018,908772.8373363226,841708.1967844344,62868.16187431
90019,1266592.8671761127,1243555.1057513943,75244.32281580601
90020,936433.678697904,687696.7248023074,58211.47530273875
90021,888038.8606168941,877344.2686522087,75896.84474400055
90022,601562.8272156243,682109.1843873914,69342.74294253989
90023,619896.5410738951,642944.4837710821,57812.25359103107
90024,1566381.8435119255,1357573.511635893,91060.66684600252
90025,1091997.1723234951,1083425.319291659,110812.5466134249
90026,1165988.371478972,1188465.066844561,90252.7313215014
90027,1666397.86394739,1817875.057973296,101407.42387761832
90028,1303956.9241042926,868060.8515932577,60121.28677413433
90029,1152907.446844675,978884.3112063708,65530.85971256912
90031,778396.8823099385,814520.7026749732,68067.65968699801
90032,777168.0006428818,808918.4820855893,82783.91254924319
90033,675336.2505136102,667752.7661739787,55336.37794731605
90034,1388913.3580860563,1454104.840202814,107175.38533707806
90035,1745309.8742274037,1630644.1715855636,116316.22411069964
90036,1833788.9493042072,1867462.566632517,112445.3704078437
90037,636898.3277268318,667930.7622412378,58350.64725573862
90038,1299514.4434340848,1049685.3955435564,63709.269916927966
90039,1366432.357477208,1379946.4095703575,108319.62435749032
90040,569511.5905796558,699448.4335656655,69834.10734093914
90041,1156271.3400018956,1293432.4977848905,116479.5107421246
90042,939301.8982001544,1015295.7485113275,99539.8303851881
90043,879933.6029694629,833114.2875552451,71039.46010357342
90044,580403.0267097155,649172.5472427184,52857.45299522115
90045,1355494.19569649,1517996.7417370032,139932.5187127077
90046,1555104.629581021,1478057.8400677198,103516.11071001568
90047,652427.5500206557,692851.3746488261,68598.71113950803
90048,1684665.467650804,1784377.701800572,105585.16312208609
90049,1796767.544332389,3032602.3732106052,178655.89101986392
90056,1399538.6261288126,1686475.2717932996,131302.63748623405
90057,697627.6895213778,562661.0855993574,45806.701754965194
90058,580698.5838315119,590746.0666382097,51603.115354886395
90059,554124.9710999622,616395.7744430095,53976.52243349519
90061,578725.58462263,639490.7664406558,70064.26692036855
90062,690842.6783025523,698204.2751559807,67685.99601557301
90063,620181.6844135781,675448.3635551207,72216.30412195805
90064,1679038.2798851484,1875786.3157424545,135486.92992077817
90065,1031431.3697267892,1115368.4801663847,95746.5922691107
90066,1600178.9942775208,1740801.303636219,111636.34466071354
90067,1590674.1277323393,1601314.7632482678,135823.99444931943
90068,1788586.792018465,1659929.8870592883,116763.7248687979
90069,1310401.9528535963,1260111.418701473,117052.34030680082
90077,1991198.609681644,3107221.896957423,207904.13404123767
90094,1272489.0423118076,1370162.6219646356,168333.82581050182
90201,564448.0510563658,692520.4727701754,56675.208017559235
90210,1973139.845319197,5242255.079812688,204679.22050164847
90211,1920336.994113238,2234114.440343088,111344.62763866255
90212,2000001.0,2451533.5068589374,120228.7359288792
90220,502801.810402013,640525.1458700047,77568.68504993469
90221,536909.6643293552,643541.5316535407,68534.51719856627
90222,538754.5541806599,620595.8539288269,72807.97911391876
90230,1044813.1925288464,1098761.019979616,114095.20475899888
90232,1388792.1609180707,1775091.6725881975,130750.56324757267
90240,798214.4315814585,946321.726343533,111814.41838135265
90241,751088.6406210574,932177.85202537,84168.60437997387
90242,676966.5559237628,826677.7283589389,85272.34942953436
90245,1410113.616880976,1753335.4322369625,146716.63171929825
90247,646587.4006403595,756470.1791030584,75069.22879213761
90248,664301.4375104725,818331.2539100527,94212.79510463668
90249,709631.7312720477,810112.746470951,88575.28581817436
90250,833441.7583805202,881547.6404420314,81745.33595460025
90254,1944189.4581509512,2263721.879825474,154821.07385932066
90255,561392.2897796261,674049.6606444066,62854.77900528308
90260,741619.0531222576,817315.1949832236,86180.70742147898
90262,561553.2317306302,689600.734469404,72852.93003669608
90265,1965605.3118941104,3240129.192174588,195526.40868574195
90266,1985865.8917793343,3260372.905078262,197823.14813203888
90270,587368.5412209984,651884.4768976881,61131.2096858378
90272,1996337.7692444865,2942473.1216383823,191189.2690449352
90274,1908149.3920298517,2556115.9810576756,223101.619300379
90275,1534156.930167256,1836517.882693017,179227.203774133
90277,1370750.8693498666,1660190.2228841418,131954.3091246657
90278,1181844.580357141,1419174.2940801706,158499.1418406719
90280,607083.9380641112,698677.9890189696,71215.06183912799
90290,1531739.0739045092,1452358.2069538098,144690.88418410948
90291,1922995.00510543,1908122.7143979275,122815.76622401104
90292,1391652.501404479,1238285.7032741343,133334.86226514258
90293,1217306.6071465146,945182.0666978696,131387.79429971313
90301,695334.0979702059,689184.5997586274,64026.76755530395
90302,752218.3799968736,693376.0891082514,71291.55823119912
90303,769769.8437147419,782181.4214447212,72277.42526665509
90304,718325.4095185898,754002.5879141743,65344.09773110129
90305,782613.3028066268,820060.1278085407,92686.12695905437
90401,1124188.5937051936,1311963.221854532,101443.56650406904
90402,1998815.5417038316,4825624.901019332,162458.80875564154
90403,1572998.8494501333,1487193.844366995,125804.5129147853
90404,1159734.652350631,1064605.6398175966,89470.60255533727
90405,1836562.4113561464,1946823.3275341932,116934.01716803404
90501,892909.955223089,998967.3176483448,99155.14761253454
90502,654569.8468271334,740607.0246851951,99452.19378539722
90503,1067154.938908936,1307122.5534622262,120811.79310017305
90504,891738.7692048905,1006801.6730124163,104883.37713096336
90505,1187019.7211431223,1434961.2713040684,114782.39429420358
90601,755210.9615815964,864924.9058362012,98146.04192124312
90602,743138.9269013344,853674.0632256592,81458.77901997445
90603,794668.25133337,892065.0637251819,119577.79701805492
90604,686592.3876777063,834607.7818926607,100332.33314157852
90605,698569.4166824475,798613.1830477184,105519.41415658966
90606,622312.2713405574,777067.943475618,94419.4063143142
90620,747040.0557919957,950261.9419115988,110761.59243948986
90621,765774.8740903381,898353.0869018431,98995.5156426445
90623,906139.880005377,1210241.3818752477,112438.40320173782
90630,862017.6627756355,1082851.9470341122,126907.81726169448
90631,795153.2273390315,941713.3730539076,112020.03902625178
90638,770214.7528532079,890775.5237327152,109692.53448244886
90640,667003.4296572194,827914.1459401582,76982.2617251028
90650,616240.9890443786,765319.9534265143,99637.06599805882
90660,611560.764062176,753254.542004933,88845.71570305107
90670,622871.2860497087,783783.989884802,89536.17800230392
90680,589090.8820223736,790400.8604212602,80019.65248317397
90701,740738.8450865664,871376.1037102303,98776.33473558634
90703,908844.41606767,1095734.0875090088,136967.78738639766
90704,902800.0,930359.9467064628,91759.0
90706,689202.7516942556,806238.272536337,78794.68729766442
90710,656741.963727661,849937.3235684171,83373.31826812553
90712,784699.9041619054,880505.1181996493,117748.50385177675
90713,805121.6692757239,911968.900298254,129846.61102294484
90715,667425.6436879225,827291.6191900391,95349.13907692872
90716,523834.09413624386,646472.5325014965,75811.43546264002
90717,782835.4063893603,922830.982699079,92357.58445056572
90720,1119626.2537395118,1572334.016122203,143476.8102350314
90723,475311.14714339166,652760.4084095779,70494.53922191425
90731,778955.4706697811,829872.9897163253,77730.58473250999
90732,851611.3336130562,896061.2674356853,117459.09360311137
90740,770104.5058646027,795343.5403616814,101458.12184040347
90742,1799646.4868837812,2148707.8442176576,124714.5068758863
90744,590243.8037713186,684715.9952832762,65745.66033285426
90745,630611.1618734461,767173.08060409,107422.56681067948
90746,673652.6514190399,832698.430208567,110846.44643044056
90755,725055.3086735262,713907.1963671269,97429.29417245185
90802,557100.6809194455,494564.3892869621,73779.8566449747
90803,1141874.344968224,1338652.7349414297,110796.81299744852
90804,726093.9404471462,700264.6107359175,73391.49305563555
90805,574386.4158075675,715228.700110517,73850.99854821482
90806,698233.4645277468,793285.186505504,76707.57690761477
90807,836620.0807217757,969488.5102618722,102272.13471258356
90808,900121.9610634178,1040666.1088447968,133456.62081533016
90810,587835.5332629356,715311.3542783968,84498.44894684052
90813,558968.653435598,588877.3604724951,53542.0132266644
90814,1061282.7380048928,1006992.078781925,100382.1392417594
90815,921127.6488724084,1050269.8171209467,119864.3239161038
91001,1091017.002927613,1113772.4402376935,144220.68492566934
91006,1337361.5685338206,1409179.2243307326,134088.60882056574
91007,1400971.4579433105,1439479.8686131523,102814.99537756894
91008,1509400.1810523055,1919133.5204694665,129554.10690508306
91010,735002.2878934421,785084.3171410711,104341.77626159837
91011,1991981.2394296457,2497703.004198452,218381.64875145475
91016,888537.6010074322,992771.2613969268,100624.42601725162
91020,887538.382689829,1027983.480507262,76713.01714489065
91024,1194022.3589892648,1441305.916276506,145651.68791168067
91030,1548483.5731271198,1713243.8589530631,136356.08522138916
91040,825833.5681169996,927236.2619156596,105275.0344405622
91042,798207.0197531965,904899.1077959706,83971.18816835934
91101,678929.4160700123,780643.0037791105,94961.06537387366
91103,1111960.5121832425,1089191.4057551872,98669.52988936155
91104,1034911.0012574402,1236091.9946371394,106119.09321471972
91105,1587634.4532705357,1826518.6213344217,176411.6721460707
91106,1019162.2766817922,928892.4156444208,102808.44136925718
91107,1157870.3582649964,1339562.2510414696,126971.93369959292
91108,1984488.1917623675,2855242.6417617667,188495.4175246945
91201,1111208.641609459,1313818.0692102015,80427.30011267286
91202,1124792.614984018,1239606.6784929542,95389.71065412516
91203,673259.4875710828,791044.3596817604,77610.38378012796
91204,740117.3695584092,766772.9589153897,72850.84828300966
91205,781201.7145094651,875242.8941532454,63518.06288291512
91206,1125098.952148994,1138872.062162439,100295.59632302106
91207,1272152.6481631876,1756223.5573448197,105184.05354603156
91208,1367502.1660441486,1553309.1008379385,127045.39592872458
91210,734300.0,1145741.027453428,93203.0
91214,1128043.8773075568,1259444.9644889042,133513.73213455747
91301,1178606.8112737287,1251211.822226478,175825.23120489044
91302,1628338.4687036965,1979941.199818492,185187.0008642067
91303,677538.4462033446,752562.1669761335,80311.81416190125
91304,855608.7773636751,939272.293398419,95971.23254202568
91306,713234.0093358181,837033.8279756396,88840.36868231
91307,972942.5931908616,1008732.366185184,141081.25348209142
91311,851263.1441042977,946140.2924962525,122995.89576202237
91316,1112246.34223896,978658.9616180948,92827.68775552952
91320,931417.423512275,1029099.698461119,151815.6231239757
91321,653104.5147781466,700169.1853789752,97374.35100348807
91324,882925.6964915566,943306.2827516248,102092.49221135573
91325,886276.7781745228,1042130.2140162408,96880.46940336144
91326,1083210.3090879389,1241296.0735808518,155927.06102523924
91331,594474.4766186166,746908.7059688467,82513.36254175898
91335,717275.9045900826,806018.562584573,82708.95557737254
91340,629070.2618937414,740174.4482626856,90785.23585202928
91342,639462.4395516753,809923.8651174136,95552.04439570672
91343,747117.7798055174,889935.0881607756,86962.51340691104
91344,895122.0635451433,1007284.6318127384,121489.1469840635
91345,645012.6076583918,831941.4772525731,99286.66436629604
91350,730373.8884186381,819259.4559526664,133622.0148602186
91351,624182.3980899566,720797.5950640962,121949.43430830566
91352,729466.4928511078,816160.0735392178,76383.1657029427
91354,805392.0692103541,846956.576180874,141318.7655197561
91355,755949.5232769889,794258.9184367071,111021.37600145234
91356,1352174.8357369632,1370008.6929511514,134525.23876592834
91360,897187.5158549667,1024750.7684336914,123331.81307125946
91361,1317396.2563894708,1582819.543453612,136515.3478017805
91362,1123842.9963706688,1209266.2133496592,147582.13356422432
91364,1233377.7632519675,1321311.6835115384,140808.51589621432
91367,983757.1941375788,1128294.6573186724,113622.23369957176
91377,1014185.2851182198,1153387.5962212388,160686.12365161805
91381,1057143.2832152916,971463.9712198084,147853.70096725386
91384,698333.23906707,805865.2254256834,133133.9064191553
91387,763643.8710715744,813096.2374093039,123676.21917479468
91390,803931.7477858415,928135.6779871192,144209.18661525715
91401,953343.6224850736,1124335.23273573,77417.3003816517
91402,582646.0081709562,708597.0391168607,60318.786036680285
91403,1455387.7204554975,1493038.2017848643,124841.0457254356
91405,700662.1336561742,829786.188611441,63657.36517318676
91406,766366.4884974033,860259.4980348832,79837.44153920765
91411,937010.2803050044,992513.0256470952,86740.4203904425
91423,1305254.1822339538,1469373.0372532953,116609.11278525386
91436,1841232.93239541,2275988.6268468634,177063.91879420227
91501,1061597.2640470157,1254095.1369348897,86711.8560879454
91502,916275.3489776436,816704.0540879103,74315.96633449875
91504,1045432.4286450252,1237506.8346619343,107197.8041031636
91505,1027348.2836162708,1135306.8517929672,108054.6623531717
91506,1052018.5104511715,1229826.261096568,107090.19807178435
91601,1013491.5370248116,921674.5704602016,72981.95648312679
91602,1143579.380438202,1073098.7202750614,95456.34296344317
91604,1637646.5915476358,1725108.21214142,138823.36255776926
91605,730785.9162944475,870030.8986730934,66773.162523177
91606,811142.2497302406,885038.0722701801,71232.98826557597
91607,1115252.5334869511,1256766.2459616044,90057.54765999518
91701,716669.1027133198,842701.8354075303,116968.70538866417
91702,604237.3687292838,715161.0792747621,87634.92999007214
91706,588030.7949663755,722748.6175941742,80958.84862739973
91708,648935.3105499943,720012.5013799593,102630.9352636446
91709,807467.4865914169,998905.3498328618,122444.99295935652
91710,645424.2142660245,773693.7633190459,106523.99974416284
91711,907511.2450195896,1036973.0900691767,127400.9502666408
91722,621092.9120903941,766712.7279685905,96483.30026854244
91723,704962.0707620671,809227.2765201704,89320.74176207972
91724,713461.2365598704,884745.0499153227,101491.59749600865
91730,586125.1509596476,680188.812058654,94236.01803362502
91731,626019.7154553533,774852.4440492044,64872.29672878976
91732,629834.6764024548,766042.6582500587,68386.93208054827
91733,597410.3774557523,762701.9278468828,69615.88797459016
91737,814161.1547546465,956187.9729791888,119679.44128367065
91739,877897.1351415351,981419.3734989648,152129.93044205615
91740,727773.8022461958,818449.9656899587,104172.09524972514
91741,941872.1537152586,1019474.3491889164,125938.42646530982
91744,570820.3411872167,743661.0510993745,93724.29101070888
91745,782514.2203798429,965997.2772667328,108621.26220980022
91746,612458.7389661398,763399.0662399795,88538.01713530102
91748,801453.6273496926,967941.6285611576,90027.78072539218
91750,729284.2022914772,952848.6366679802,104331.83516696836
91752,664105.8131314372,827390.7287367997,123537.3431776042
91754,852269.2365779256,940589.4259773606,85959.85242364302
91755,768314.2859105575,920506.7629101352,71569.47859737599
91759,443200.0,363917.1038444528,68438.0
91761,574465.1740702495,692099.3908133754,97225.3743589567
91762,568617.8168752141,684989.6922306839,83878.21668026253
91763,517326.1495897881,663531.5929413796,80943.61370654381
91764,518414.6823602519,633774.98788008,78117.91129228381
91765,873713.2558164903,1039210.3277103478,106425.15616712708
91766,555900.7363482885,688391.2305981468,80380.5832812964
91767,586718.4983601394,697848.8501922205,83158.4151215205
91768,528684.3786928296,674607.1574029718,81818.89941190269
91770,710956.8673616807,916261.8441220332,74381.90981807104
91773,725364.0553783511,922577.5147004132,105114.19785994128
91775,1043867.9860892746,1285713.2307291245,119775.21625407868
91776,812952.1840005,990121.2983586924,82143.2462554359
91780,923987.8522541436,1107047.5767115385,98253.01566962965
91784,843589.5696488308,983655.2740397516,154719.5043390527
91786,615875.2754036391,724294.3425442418,89808.2040551126
91789,978325.6001886294,1154650.8241043717,131459.1838532479
91790,693256.4337687421,840559.5171328922,98070.9429038148
91791,828908.3837905546,926307.94857088,101623.26506642088
91792,641495.479918769,819582.6576508322,97521.19163587462
91801,798604.2820203706,909457.286219186,86089.22267676535
91803,827777.9821590447,964016.058828305,93765.7830329346
91901,784987.2747306143,973231.6864893502,121585.15150004998
91902,892551.0653781942,1151979.9322751798,129869.26535774308
91905,377400.0,460477.5136079002,52211.99999999999
91906,364405.79893648386,503301.051653754,59160.14216914454
91910,690071.2577648854,836880.8980362597,95706.66013343284
91911,596604.2661991923,771343.3008816871,84861.41060492175
91913,758726.6327385436,916098.59833294,133227.12447821317
91914,956818.9988318168,1192123.222069986,158726.98104640716
91915,725481.4188739518,867741.1993252203,140178.31255955785
91916,494312.8557989301,678210.4378542899,95265.9693901418
91917,658335.854426924,575480.4063509079,125790.42837211452
91932,807388.5416845208,844894.9244369284,82324.64610513044
91934,377400.0,356252.59314010106,52212.0
91935,887980.9022949231,1026887.5177752416,144307.13843284192
91941,869208.028659728,1036419.980162572,108174.4442984164
91942,698953.8797993711,820788.8210856094,84857.67035856174
91945,641785.032359769,763223.2208931908,84860.35897662074
91950,587817.7455217527,697054.6195952017,65707.55580812745
91962,563191.8218584878,651119.2616287409,108672.6360899002
91963,363600.0,513900.0557897589,59684.00000000001
91977,634699.5787543879,766182.8990708948,98868.91537173589
91978,662723.2568733486,823088.8222038198,116355.19299295206
92003,947692.2713251666,1029671.3053716456,113310.43726132864
92004,380311.75422974175,354550.5457637178,86120.17657685242
92007,1624349.1130036167,2129306.2746335543,152322.90481461378
92008,1148153.137310853,1200791.8199866363,112150.1784424436
92009,1238953.7100238665,1598085.8575588716,173101.5134712124
92010,959434.890958487,1316540.9797186991,123565.8740440832
92011,1169494.7587987203,1401128.1414751094,152042.46348894975
92014,1994995.243210072,2892760.94555591,196223.09029782025
92019,767809.7762016858,878757.4344094096,102238.55425460318
92020,758170.8215161177,842711.5270120917,83326.35329529134
92021,601566.1670097443,773401.1302986867,78558.9321274241
92024,1453124.4575018887,1890148.3481101585,151647.9496894186
92025,743231.7906396565,850190.9002353884,90207.3283263678
92026,665556.1589581987,836276.0860069975,102855.67989173392
92027,687055.5882382324,777387.0344233386,98462.7230224818
92028,798181.9986503529,890787.5951355606,104972.66116270334
92029,904236.7458753954,1195962.7831728533,118877.3011659751
92036,497598.1794255678,585031.4198815386,75945.68741244421
92037,1742383.9012569345,2380586.518054353,153366.48313460386
92040,654234.0472741087,819280.7522473087,103431.02949611498
92054,895756.6667302562,1119545.2983094754,79704.80785562971
92056,704020.2242720089,876164.2075605295,102758.69027389491
92057,683995.7537008586,817765.5868225697,107952.93008046852
92058,600113.5118216921,782831.3956723982,77249.44187317806
92059,644936.4098528893,1084049.1082483276,99210.59999125444
92060,462400.0,486989.4971266375,69831.0
92061,722000.6712224972,839856.5197585026,110945.57959319372
92064,1000246.293109488,1240796.927258745,148194.18592466848
92065,746948.4290595868,816503.6210033669,118192.12774210874
92066,458452.4094129069,491635.370763587,69543.38347876663
92067,2000001.0,4792045.57609406,244133.75293119284
92069,710632.9165662623,907545.6597838956,100182.27355437235
92070,535669.9596858115,762377.7616624268,78029.7611864785
92071,635209.4368632238,807791.3986721874,107596.81152055036
92075,1756343.0633343016,2289801.82829877,141499.91791240594
92078,884683.5568477535,1029709.1273937508,130151.836372411
92081,798085.3353253754,932732.7651283764,100635.48198609358
92082,771368.5981368637,934807.373357269,127949.19491923036
92083,656348.2449580616,792703.2810607143,88585.58058856957
92084,746913.4163335238,914331.2869282998,97187.84454353857
92086,462400.0,522673.9665228434,69831.0
92091,1987223.199601712,3313877.5901805866,174236.14332709662
92101,787169.1649464809,734029.4825681237,96348.54298579766
92102,688911.2992946536,742868.6499715891,71079.27865141809
92103,1066499.9571023944,1091170.6991523397,104494.24931072936
92104,861422.2181440936,964656.0799448777,94678.9470993885
92105,610503.8907985934,693871.7238589929,65321.77181321399
92106,1350282.9230715183,1825355.1996069148,130690.53588261738
92107,1271794.2485515838,1517666.817460293,116830.16624215884
92108,669880.3549723428,605178.6218544713,104560.10492907192
92109,1235840.48591412,1500885.2267685102,124105.20011020626
92110,961547.2165091868,1018698.577231972,101613.25891228917
92111,758187.8938694188,969403.6318528876,94162.0015531168
92113,547714.791683105,656593.7012792832,57595.69429757569
92114,602661.0176137789,746124.1478632767,92017.07127802116
92115,768376.0978080065,870874.7528577098,77252.94940031308
92116,921499.9685956428,1012603.6033129952,100128.73800577012
92117,949209.7389845992,1106525.3959964418,108319.3593394758
92118,1864169.3894053048,2587691.321626757,138562.6719547533
92119,861415.4470265433,995582.5265621168,123971.49317565648
92120,871380.4412739846,1055271.815738419,116952.12954219618
92121,939898.341268622,1114542.4215572851,122686.4632632228
92122,998536.1465670428,1102514.2674453636,110252.6445815774
92123,772691.9785976835,970207.6359787164,117942.31490789584
92124,864652.2978122854,1080015.5265130752,109396.6045816482
92126,794410.86017587,1006657.9781129508,127282.83207772535
92127,1192444.430291761,1655380.191795105,182576.61566382836
92128,906029.803730696,1015405.4337636004,134318.18847139544
92129,1028782.7134823068,1384637.126630948,160078.1616703556
92130,1551399.3955371876,2121589.954626705,196411.46787635013
92131,1136951.3335897878,1513581.803354813,188776.07229261633
92139,583689.1656281461,738887.6516612131,92299.94465935769
92154,594435.8754937551,741656.2241639361,92251.43527822962
92173,528325.847495534,693599.9224543237,60928.037647932935
92201,384936.6573013882,471586.84972256445,70930.76705664942
92203,495040.0928240837,564801.870979995,101715.93387451956
92210,820388.5328765339,1455846.8752333429,112589.3025211124
92211,542634.0892073982,531049.662381851,91982.96507963282
92220,322150.45560905454,414306.3650578474,63042.309070659176
92223,446323.148941465,537887.4994341529,99205.43138112348
92225,207821.67150948863,220782.819958873,55178.07083421095
92227,267327.84915089543,362887.2539319119,64033.6850508834
92230,283700.0,327276.60907152784,82411.0
92231,288930.0452423253,392820.3290869038,62874.767844035705
92233,182152.80080839535,261500.00782145813,45838.49581375179
92234,436494.9735068294,485049.2730695288,71307.15296112058
92236,339214.41931302065,431875.5221404694,65190.44938565451
92240,295199.6461718613,378106.3405854536,54343.821026076665
92241,138696.07648977346,408197.5237995793,47729.79714327439
92242,134408.3634279245,192468.19102468065,37688.604774545
92243,274255.15201578283,386685.73647380294,66844.27187777744
92249,284129.844585002,415852.28769058106,66400.45613782603
92250,271595.08330781286,350514.08544546686,69397.07289969364
92251,343574.4618251486,440415.62700923026,80219.13455990163
92252,279432.1634940728,345559.12277303886,63179.04910562879
92253,669407.1750285169,748659.0191807192,102914.28623175572
92254,217372.70457619516,337305.17553870234,41377.93626931232
92256,265655.75627661974,320595.9458279235,53296.61467478772
92258,315747.6565289009,270967.3074659433,59668.28964930424
92260,519584.1478842473,588170.5283138284,76976.01766458996
92262,598508.3781128669,649057.7245019847,72541.28966381782
92264,536996.4904861918,604121.0951687025,80146.385996852
92268,359676.335303351,541565.8610306355,51925.45860148485
92270,699268.7283418416,845381.3487098821,98471.64368711485
92274,177757.37449797703,300675.8133623546,41455.328783033765
92276,261476.6880441958,382377.8108044205,79937.06168192635
92277,223023.41294242145,248202.534690644,60701.94200039998
92282,292368.1863699284,395572.36848002457,70745.2161321916
92284,295516.5185106895,357757.36265735986,55324.34276937685
92285,251491.7758442216,210525.35951411747,42748.59372807349
92301,311345.54813469446,397236.9980134142,66661.18249412124
92305,446900.0,304208.87644742493,86772.0
92307,383128.5279991408,455925.8900399403,71310.82595033688
92308,379069.54765765154,413554.2958948564,67835.12453164539
92311,218394.83792339297,264605.58462075633,62330.362689911555
92313,462516.25708451326,589159.9981317905,94911.57865731767
92314,412045.654009424,415951.8084037592,76488.73573605757
92315,537015.4026553467,545529.7570676802,81778.01400522317
92316,415174.1667653318,567295.6684537205,83733.51045429107
92317,625200.0,385768.9235631549,116658.0
92320,434101.4468461621,570548.7958119746,97315.17636073958
92321,687396.9414487737,312195.4471984676,99083.09088649866
92322,353760.0792212228,322784.9452691137,78047.07889048742
92324,413170.962831259,500853.35086052475,70684.47265111696
92325,373099.46089400136,363935.6692345496,81219.15120886819
92333,527500.0,407589.38816745207,91250.0
92335,431758.9054732559,568640.0636620087,77427.57057459926
92336,605567.2451141184,708488.5482079786,124386.21694315952
92337,518611.3566208139,613484.8682562269,103703.0929937896
92339,446899.99999999994,347697.2183295594,86772.0
92341,360900.0,309064.6209324302,57716.0
92342,325017.8883466416,374220.5660119964,103094.02345649716
92344,451413.2762883893,518307.85360495513,93489.32086547364
92345,365412.03619602503,446484.19403394073,68969.74744523305
92346,465975.2279969663,561809.1091850637,92803.68001718498
92347,169224.84869667594,148696.93954047488,60040.65972228172
92352,573648.661603815,606796.5020558472,92356.37181970425
92354,552991.3702106511,644870.5313388705,83450.20429305198
92356,254718.115181238,258558.93135065152,48219.49183677404
92358,443200.0,407927.4994791071,68438.0
92359,415955.66960075335,517122.14610122953,70505.2946720371
92363,140481.35335340654,190029.1591173076,40407.77408592307
92365,146661.68072012693,233861.1362607764,53180.66384143647
92368,330100.0,283273.6002309939,60385.00000000001
92371,349353.00710498064,467176.7787383156,79867.53715157004
92372,402326.9971770944,463114.83347537665,67792.82716350522
92373,734493.4778291746,725570.9848521404,122084.6036216278
92374,499871.6416997733,585321.2290672419,96905.34051010686
92376,431597.5470488796,568627.0688171247,80492.27790443835
92377,565593.2876030526,646298.0136199599,118765.70015737315
92378,389987.1637801415,336887.6130853597,71963.51181373723
92382,378809.2928637396,350091.0487858248,80435.60488946056
92385,507250.5228398459,494984.9485488139,82947.81460697742
92386,454175.6712333483,301268.06891292543,48365.58859212245
92391,431906.27383913007,365540.099075316,82235.95783618157
92392,371764.4943192803,451083.8878174851,85470.08236885896
92394,336515.87215953856,430981.0630555462,78425.60175063447
92395,346440.47094792017,414101.53785779414,61642.11038522544
92397,458328.6766861509,430423.64010967856,78830.66198338431
92398,113415.71147909702,168819.30159023855,57500.87451322244
92399,475678.68605862366,574844.7853049708,97734.08251996557
92401,326630.0041593106,375181.8918179072,37884.374285132486
92404,387095.79144496814,484580.3237881162,66600.30642892714
92405,385279.1512586122,456607.23584734416,60183.91507711142
92407,473105.4714427388,543579.7941305909,88463.32266886611
92408,408012.30867795856,479741.0942968914,61356.89813242636
92410,265309.080690705,442793.6574924085,55291.030989179795
92411,321465.34610798355,428129.02094142983,55979.47882126331
92501,498987.8680952607,564194.2392358395,90562.0276970974
92503,565321.5946329028,638996.9989563841,93832.0180864057
92504,544347.8484541788,604314.3100835558,95112.58438115094
92505,527656.2317887252,636779.263485394,87693.84893260011
92506,656881.2062977927,705953.9437399203,120459.23550469356
92507,518511.32389212766,610384.7962435122,78022.92946222944
92508,656072.9272722683,768172.2516164867,139602.9843961878
92509,495160.1531507201,637594.1519173026,93054.29765843764
92530,467283.8258265593,565461.9706031908,87365.32417407328
92532,555090.647148701,631315.3121907118,120523.71591335606
92536,373176.54873158905,567626.1332661492,62440.85413762392
92539,315514.0386757097,400324.964047881,64133.03647701185
92543,246557.554024933,382501.69541521947,51162.59818753064
92544,359528.7594568011,462033.1632873825,69423.22196055626
92545,326099.12629563926,450763.1525312195,63970.48935589879
92548,290958.30171110225,566389.6752188936,62848.35966988383
92549,481297.8695855881,471990.8923692846,84754.60573044601
92551,435827.1942267764,533530.9957477603,92714.49087109196
92553,411999.57216514065,519788.4823456277,74166.39063398399
92555,538453.2981884828,615821.5500887377,111308.61174907448
92557,482753.2484315557,569305.3569560748,95302.67583532304
92561,426981.85875446064,578272.8851040566,80229.46932851599
92562,662981.0998018895,690264.2755258194,112801.2093350594
92563,606274.533317095,696062.1896978695,119017.90446448696
92567,499669.6008877286,569570.0572546311,79355.59399886554
92570,456925.80570185627,581085.7672594473,84831.33219094103
92571,428511.91328949854,530446.8802649592,90975.80227726763
92582,410267.44541393226,516917.3121698813,83210.12358934303
92583,335727.1578320154,452128.17962477537,66976.21990980371
92584,555452.5100130928,631563.0780569651,118441.49837157836
92585,478247.57280313247,600243.1582946153,93468.10815270829
92586,362357.5840227462,418087.02153022174,59791.01996233899
92587,582607.7764421257,642854.4969217881,110811.27358767866
92590,986450.9224526566,1489940.4660331218,91221.21447018295
92591,644612.9583733723,748100.9789676951,114609.61119997922
92592,686329.5205906043,775446.1042951642,136181.69274061266
92595,545309.2463794105,656370.2208023699,107080.15607728162
92596,614045.8030058496,660681.586480989,126359.30016025994
92602,1463435.850504423,2058967.2518102229,148626.08669786307
92603,1609984.4878266982,2386330.6130041243,189671.36898793303
92604,950975.0427365806,1416429.3264221568,133973.51012755756
92606,1020559.658948114,1508850.5966683263,145555.43458567717
92610,992888.1127280082,1274939.8067493427,175826.30323548682
92612,945869.9492210718,1215838.3795485257,102314.7568799826
92614,980527.4282807512,1247338.4374992086,125531.15433425002
92617,666500.0,844119.8473601408,80167.0
92618,1198975.9679696977,1602994.5550594523,144469.50248915973
92620,1219801.7150903956,1726820.1740399264,146658.26761037036
92624,1038671.6072321818,1671467.5891755077,111424.36478073962
92625,2000001.0,4300959.5432285825,205208.48341619904
92626,1043036.6931442006,1440374.149174543,113114.74443172956
92627,1170657.574272738,1378739.1130422875,107889.6233371756
92629,1281944.2832376442,1757291.4229705408,132217.49064193649
92630,824939.162619129,1204258.5862060054,124825.32851919356
92637,410211.0187172464,469069.3500687601,72332.7959012611
92646,1006682.7087410592,1395359.0399962885,133639.1863467898
92647,947735.674990499,1249305.4679527904,110186.4529678564
92648,1276512.12222614,1553153.6207409494,129354.19386220252
92649,1169775.6982710897,1383582.426883079,124118.34082817948
92651,1932644.617161854,3078455.1334889657,149945.00343725175
92653,1002513.309492454,1287687.5325903308,131774.5524298444
92655,758123.547619964,1052731.8640802733,71849.69781552262
92656,874213.2231677895,1002236.0756799452,135840.73988648024
92657,2000001.0,5709245.978997621,211998.2240876541
92660,1781444.5744964655,3300580.570995785,148598.33657919228
92661,2000001.0,4628972.807371122,207554.0
92662,2000001.0,4585065.047220229,162045.0
92663,1689715.1340626047,2703773.827013475,155186.0406658122
92672,1363393.441348188,1726575.6968356315,112584.58115071646
92673,1208528.317017973,1755824.6335146502,177183.11998792473
92675,975687.4146546018,1344627.665543831,132229.12708988442
92676,765091.1198120794,1069672.4674202132,101305.9291503528
92677,1218138.82304986,1499599.0613418731,141154.9875887819
92679,1288594.2164085496,1605682.0189311076,208504.94523864824
92683,827921.0059170686,1098468.443252763,83628.82244326704
92688,866057.3751855607,1029956.2144093273,151297.31918576406
92691,916543.0142091612,1232222.530295978,136696.3390578751
92692,976456.8670174256,1228786.088171649,142620.6934442371
92694,1080370.2275874289,1282997.3897345702,188025.13137248615
92701,615529.2032880862,696923.744547453,74112.81757009125
92703,570969.856233077,825597.8265172197,78306.76044073625
92704,628665.8418811135,892992.823213411,97287.36065984856
92705,1113937.0505298895,1600240.319037222,147102.08843316557
92706,830018.2015135896,1037579.0284491924,99237.58593627866
92707,629939.5845362855,831960.5539130805,98283.36942077785
92708,1000375.9311496968,1388331.1987301894,112912.87275431408
92780,835822.7162012568,1141197.6074298392,102449.58359686486
92782,1062566.8979842782,1349454.3167024052,144360.06325321537
92801,689537.0268269189,864765.6467695987,83555.47086315713
92802,728001.9057362976,960686.9500605584,83970.21443141617
92804,715651.2009654947,941973.0184240186,79028.41711025889
92805,662003.5698081906,861100.5082956479,87896.0106352416
92806,749330.7876224796,1005596.4277566882,99244.05579838812
92807,957140.0194250208,1156071.265654012,147683.80111381167
92808,1050943.9743828126,1219173.3606058846,153332.12734867077
92821,855685.8137751109,1112587.1227195093,123269.60683523808
92823,1061329.1280425296,1297753.8631696403,179725.13550351604
92831,846944.3752448154,1061125.81283711,96539.4274452588
92832,764933.9532943855,892883.7155557693,95810.81928995025
92833,870930.4518161917,993490.964159504,113898.540052761
92835,945092.3617036394,1315861.377282207,129144.58142881788
92840,739115.1949767245,986143.3366805118,92752.0604710492
92841,722209.8394273048,1026452.295547084,86668.15466333846
92843,654207.5137196402,979077.5600078708,89834.10894560105
92844,693138.7359689928,944700.5177692376,72569.71058024076
92845,881480.9548187484,1124107.3219930476,135214.45071385652
92860,747186.9075065587,923861.0282502888,125511.96229122348
92861,1557050.5441998974,2341225.4095449834,195170.741796737
92865,871210.4076658713,1070726.84147864,129339.37908864432
92866,838817.2454649406,1124991.1723560048,84445.70604883594
92867,979975.3909281536,1248567.55062817,134170.72538443736
92868,709647.0381080512,912279.3832436672,95516.87097912756
92869,991007.5271761942,1211494.7970451275,158530.73049044705
92870,880042.0525913502,1114240.032997761,114461.6521135662
92879,586685.484425469,696166.7679038944,95855.083422545
92880,763376.7698272703,954586.8424462834,161213.0022698767
92881,761816.6443795596,868067.9650844132,144147.75147926444
92882,664796.8323554528,785944.4696110674,109242.4593467764
92883,672720.9471759846,761820.962563489,132992.65372645846
92886,1063929.307160181,1378870.399107962,150891.4735322145
92887,1124876.3587532288,1517648.0828277792,173110.04100652793
93001,857360.4876965722,987678.8419277524,91882.77161953092
93003,792510.9473500205,908170.5486307186,104973.42883237478
93004,729285.482708695,872455.2680875612,119589.40349780656
93010,839172.4531249118,921594.7301383726,112755.60172032124
93012,886954.0412385714,921694.0900535616,123082.82026937373
93013,1133729.6734391325,1512276.050129789,117939.89620343936
93015,595457.1603336906,697897.7237734403,85457.06932461396
93021,881456.9933937654,945379.7781353988,152026.09840659285
93022,767574.8021546354,897999.6201574818,106109.93901037518
93023,897337.490753329,1152474.938489552,83341.34459195747
93030,649276.336162049,780828.499083175,96421.39406656356
93033,519838.8747664944,707186.9717137249,86951.6420145275
93035,836190.8717016613,908127.373483896,102012.75647643188
93036,671143.0567706677,793015.5261474065,96766.10328578112
93040,565200.0,580445.5794502742,85147.0
93041,546537.7458562768,630147.553382465,79932.0078241863
93060,559234.1443058801,714119.4526934711,86721.3969443301
93063,760112.2923074373,836646.1417413218,124233.73606813868
93065,789658.1755092912,843654.7724614505,125450.51491801468
93066,1087021.5425168274,1556384.150135597,136695.2771666812
93067,2000001.0,2643548.867043855,137117.0
93101,1307072.8219950614,1472563.0988608424,89709.79748476823
93103,1657685.8612050992,1749279.3520332056,125195.82051277978
93105,1574420.8428478178,1918227.6696201088,139125.13907332812
93108,1999724.2515674732,5117038.501130526,185110.51757740031
93109,1750623.0611192118,2460911.2856479697,129090.92971026532
93110,1173286.8252090283,1927302.5907801304,121888.95602395775
93111,1232211.568644794,1692180.9780575626,140708.35818817889
93117,1018815.4667851672,1398091.1060903647,96417.4897029447
93201,93675.0074676828,214778.151929955,56308.2612979005
93202,308800.0,304963.36199382966,68913.0
93203,247961.74806305303,299348.8432501903,50769.11784806272
93204,227407.2685510723,255937.86097864923,53778.29340939549
93205,146157.54082157463,190015.14372906744,38099.15752767219
93206,247453.38513438296,233304.7354971027,64902.83064308833
93210,259064.96342281773,293594.7747291824,74227.58733786638
93212,233099.09983817735,267691.5878882942,53580.47089902065
93215,266667.2379391888,333850.6574879309,61353.3682943079
93218,278000.0,273584.9494815041,79408.0
93219,252858.41827549323,265031.3627780557,51280.39518137216
93221,309379.7593304215,391119.74459019885,75774.97499402131
93222,366400.0,379443.416690206,55819.0
93223,259080.05727605047,292277.20745069487,57498.354337912184
93225,355729.7332905782,326923.4372261833,50602.383037398926
93230,324020.75657748303,382456.2392929062,76418.83523981081
93234,227151.94259141883,253476.0276853064,54914.584634274695
93235,240978.04281601775,264786.34170872974,55874.51932754185
93238,207511.78759645417,333582.56408464967,48281.28584893052
93239,202100.0,219403.0632610093,49568.00000000001
93240,154125.27525161277,220116.1584751415,32974.901791825185
93241,196190.811357493,248205.96303962663,31702.02560040697
93242,356553.61050774803,384639.2218694882,69633.67951257533
93243,345792.0478894563,379140.52472773864,58318.63253840908
93244,434412.53177347063,410130.90286309767,86022.01534518716
93245,323348.77457270055,384366.9487310459,77219.70491802153
93247,281808.1635323584,311269.45657877094,57270.39880939987
93249,239000.0,275384.84928229754,51324.0
93250,254998.20326095197,310472.23253422073,55284.39239334844
93252,234281.89911543787,182261.3790525787,50566.34543355306
93254,249100.0,285631.6271341564,58684.0
93255,207500.0,246019.96536580496,48275.0
93256,240204.19692530247,269138.012470451,64213.00212080109
93257,282281.18531762797,328466.59103347006,60454.26624140836
93263,279558.90641703265,381761.5673595817,67963.16247848276
93265,394135.0944914725,426270.72851235606,80675.04167791415
93266,202100.0,264923.9671816257,49568.0
93267,300366.0154174677,320727.7705222357,56903.80153565715
93268,220678.9086414241,207045.21325757515,56727.963571058914
93270,277199.06906210457,390151.4597502385,78815.05912498164
93271,462456.44153874466,545719.1103586989,80619.11431344027
93272,260106.64587137045,267344.7550013808,58642.28939732807
93274,312586.62284028577,356153.52925725427,72108.06914604863
93277,329673.7749606304,374865.7516919074,82105.78919959403
93280,261306.7724150902,316068.24088088225,54844.33527920671
93283,199917.5399465793,204880.487532608,41323.901371940075
93285,212162.55034726515,230238.4071449608,50416.27976809502
93286,296967.03963633796,333862.1357993335,47125.44600316799
93291,379405.5869940319,428240.6480586224,86196.28435912005
93292,337494.5124244434,401420.9369186422,82480.65217235588
93301,268789.23600992747,312403.59431522107,48114.909520978086
93304,227430.19663211648,295347.4142576615,50683.935626893035
93305,250010.19907262185,267806.67650652933,47109.02933984461
93306,298991.7991115219,349460.28207821335,69704.22916674247
93307,247889.03550889055,318704.30332996906,55809.906539780764
93308,305852.8506675615,348314.4812010319,65829.63873588307
93309,294656.85189488484,348053.08408886427,65265.05922677794
93311,442067.4709678212,474540.97133519134,120462.6800008592
93312,431549.80259257567,458867.13049718615,120139.93152631944
93313,346687.1602660777,416304.73630108545,94192.71739283248
93314,518799.8562977437,576260.919225695,128815.0059558658
93401,925185.656575886,1106136.0495850537,94141.56441681462
93402,725072.4352488915,878054.1163827186,105347.1465353441
93405,930250.7182276582,1095473.6068645867,57799.173973844336
93420,857335.6328010659,1043166.7067959304,102237.7997460826
93422,716761.135946161,785245.9379804336,97230.50837229824
93424,1262500.0,1392460.503348343,155250.0
93426,535482.1867302477,652909.3958825002,93286.49808755444
93427,712207.1858256253,920473.81994576,94343.30065975188
93428,872766.9976969473,1008754.4809224792,92577.72765345377
93430,948733.939118522,1343454.4978919972,82477.2162019042
93432,807769.757559548,976516.0481105446,99310.57314112916
93433,696462.4905805468,774293.329563669,79415.21186905618
93434,451354.747543341,563674.2254922925,71273.7077821177
93436,474980.4190223468,588314.1820759828,80528.63245937056
93440,802428.2565376987,925389.1907738236,76456.78282517106
93441,1705099.490574198,1776992.6113706983,141052.84386959262
93442,887607.7771744748,957922.907530012,93973.81643574937
93444,806165.6014325164,941614.6569847782,113151.64385443657
93445,513767.8663336952,679810.4626829942,61528.07442219078
93446,663039.0727210267,773623.1645883629,98527.05585815477
93449,974582.7169346076,1117832.7992995076,112667.98810617016
93451,612472.8727304477,623591.6596326187,94188.907500549
93452,967000.0,597515.9868519888,77988.0
93453,846819.4239740183,752710.8596023867,95643.0490752732
93454,503793.77589991863,628855.2872678494,83297.1760879939
93455,565458.9158168159,716373.884352296,103401.68320100733
93458,464716.4812452115,607112.4775738595,81350.17200896562
93460,1267295.114041386,1884835.4675246105,117782.66263051302
93461,664037.0441365774,515110.6569360676,88766.13904389321
93463,1068197.1014908806,1419608.8808295454,118783.5919031984
93465,879839.5598434963,989501.6430762884,119313.24282410197
93501,205168.29526926417,234534.0944097099,48721.081922247184
93505,241953.14083348925,274328.44880503527,53804.967410058154
93510,697203.2346234847,854372.0040957223,113611.91686453987
93513,277900.0,424290.80378568993,54735.0
93514,411952.27296134166,594230.5262647821,83324.48078825326
93516,129571.7562478603,169161.1245078746,61302.42228318602
93517,334800.0,413829.6124100909,78750.0
93518,184302.2854190668,307347.99433185597,47383.75331134792
93523,158900.0,216519.34948219665,69627.00255603946
93526,277900.0,311148.0477884973,54735.00000000001
93527,316366.24959026085,271204.75798393105,81557.46837858946
93529,553100.0,701336.2219533898,95080.0
93531,471401.60104620195,628943.5214805095,108724.42872545736
93532,478952.5994367427,426371.50045599305,99538.00555819029
93534,347125.01530205,417050.6015990441,61438.44059412416
93535,318958.3489603283,429831.190380001,70317.62931545656
93536,489383.276643057,540020.9400417061,99179.45981726413
93541,334800.0,504732.6784346104,78750.0
93543,355811.4406563996,468520.1404827973,66341.12230981016
93544,371483.1444919657,420257.647527685,79711.93035827031
93545,181639.23655425836,384157.32081273146,53473.15784059382
93546,649543.7694232402,819754.4351316917,92997.93226018493
93550,392296.0690914563,451159.4358136838,66444.31104385793
93551,539777.276629074,593902.2153150778,110099.54037220954
93552,408140.6281562274,498505.9932815362,87352.22979792098
93553,378911.85466028727,432702.69025507494,80891.24225066452
93555,246233.4818476402,268088.2902488425,85685.93289396339
93560,324233.96506519313,409830.2568086351,83512.86894283701
93561,385347.03389819217,424753.85295263346,86895.76108237293
93562,65499.99999999999,68031.86181469365,67582.0
93591,295849.7035949742,386321.4328568665,60805.67318791215
93601,433665.6729535301,472620.5307612624,84344.17570144976
93602,422548.9446999147,399719.39223980834,91279.24020134808
93604,430578.8537888999,625351.1714991238,80452.75453174135
93608,268752.7690089142,229471.77253664672,50300.831611646994
93609,279702.0392833153,396796.9359584923,67491.60547573882
93610,348489.6105874175,391174.0786959396,75322.3768471249
93611,469605.35888517805,498334.6294746893,115842.94494417252
93612,310837.75208546116,377684.7902457691,65632.22283548418
93614,359550.56586037396,421965.8872075911,88222.80791848656
93615,231620.4041101074,279622.92661486095,60948.877357488505
93616,295250.83147492463,383731.6138887477,60564.251801102815
93618,284151.8856342114,358152.7361805667,63280.59762587852
93619,575469.9427768274,610761.1764848205,136974.06855360523
93620,315447.13964292366,365822.5907621731,48107.56901735616
93622,277463.021294602,337872.34740619775,50217.50837978038
93623,362500.0,471191.600055235,53631.29024747856
93625,360206.893787057,471622.31219643983,70125.74928433578
93626,535749.706348378,616806.1827293632,107191.54768206814
93630,345784.8958328885,413322.5456400628,67200.29702766969
93631,383084.2851276318,481905.89258681145,83939.81593472912
93634,384500.0,382585.15210694075,86250.0
93635,430253.5529974127,463419.2631790683,70472.35291148031
93636,473150.8731447475,524197.42092385393,106965.91785489731
93637,384514.31039566407,404708.7065951852,76987.13163862162
93638,300856.8000746581,362994.21404515527,61771.0195134512
93640,247589.1653944027,332150.91173016577,47273.24010873994
93641,303032.6356959356,304017.9809715485,71477.40039343039
93643,422985.79747684806,400591.9432278119,74964.39239593176
93644,387416.98843759985,436049.5146091574,78930.80877378113
93646,240227.8835823747,299787.60872380045,40055.491397871
93647,246000.96788198772,307890.27047074586,47414.07359022106
93648,253832.3305594748,327914.5153921063,60249.526948921055
93650,371430.54851217294,300961.0536525314,60225.38347033712
93651,400136.36421338125,573722.6633784923,93516.34015463256
93653,473239.01378438046,468761.6686578924,92779.71576707222
93654,336506.15725052264,386371.5590061612,72854.44099767656
93656,277821.709511776,342558.78369690414,63978.370490930814
93657,401675.6527660713,412181.1664387612,78195.68367736202
93660,289315.17741907516,296942.4781415469,50164.855266488325
93662,302533.78581899725,363557.21192655974,62001.69135618786
93664,369617.7248515799,613985.778373905,82380.9448186189
93667,383161.33631041955,433429.3112230532,87262.43964269466
93668,289870.10649431497,288176.35080234153,50226.23600864037
93669,445300.0,364419.3808617616,77077.0
93675,294929.20753520593,391962.2926328191,70939.24789463976
93701,238473.90772056143,245480.8324859976,34920.216055250894
93702,225701.0264347945,256441.763091911,44492.58104498476
93703,254967.06478172253,297382.3527854237,45517.03219331456
93704,380305.36754991126,381680.28934236086,72458.17299440672
93705,288651.5827245552,319522.5961846718,58198.402645007154
93706,248377.6843161333,287983.6725919509,43600.6266384875
93710,351635.52957530774,400489.0478979258,70644.37919617422
93711,511151.3561724584,514571.1934329464,105256.39739663896
93720,498860.0220452868,497157.6496060428,106222.53282161946
93721,222987.30146469185,201491.04828064772,28341.7830786998
93722,347589.66403680784,400364.48085084814,78676.69412540451
93723,457203.5246253912,512455.9308491179,109213.2835050962
93725,285513.6740109527,357299.91103807604,76531.85576110565
93726,274320.01422886533,330027.62973283674,52374.07805589087
93727,375350.68418366666,431709.42692058097,84962.24688747067
93728,237361.24949336832,303037.9142046862,52937.30962169644
93730,635667.48563938,651591.2491224097,127840.5158145811
93737,461534.2721711143,522462.5332632698,109419.4002394868
93901,722465.8465469126,781195.2927628421,95603.01873343314
93905,578786.598354371,667697.3432317252,80446.13051284954
93906,577077.2586158509,712532.0957989763,96685.82138785224
93907,688077.9887287846,833021.613892309,102600.26322775088
93908,1076874.5784009132,1180718.7872123544,175525.8695205451
93920,1582884.2234947016,1789741.2735224653,77176.55739509343
93923,1616834.3831857317,2365253.078937599,127506.80681448447
93924,1221864.9771556607,1473559.669032978,154062.26473842832
93925,658010.8045575003,713897.2861610446,94992.58404466158
93926,576124.4082312646,636640.1179178416,75910.85293972715
93927,457332.4659732365,552700.9534189849,78082.01272334546
93930,401070.4001261631,524092.17161930696,73769.18453868436
93932,564600.0,827127.362261603,96786.0
93933,767588.6467818479,878268.001593666,89780.41433874049
93940,1095889.8296915805,1154285.2529417693,117956.97284099918
93950,1275524.9724846364,1437452.2664155343,107487.48738864624
93953,1812277.2769581173,2822109.8020531423,146880.1435257642
93955,725200.8348940179,800567.1688123281,82721.713332817
93960,563825.3960758928,635307.381416617,90371.35637387302
93962,812272.5403739866,859461.1477562855,89166.3574781017
94002,1955517.054418958,2364910.8397170436,202093.3375743608
94005,1141905.6392880622,1163815.1088726427,152702.6189401945
94010,1983844.4938620753,3465868.7884344608,190725.3422393143
94014,971086.3576339931,1011110.0153145256,119156.2531576012
94015,1149363.8594262935,1187049.5814236624,129411.63340717924
94018,1482685.3661439726,1512580.4138750874,225241.10221752137
94019,1413057.9630033777,1587616.620943633,163962.78406487385
94020,1158148.9322043874,1000691.5842949146,215648.5146243235
94022,2000001.0,5154203.721516581,247682.4793158497
94024,2000001.0,4704359.818317366,246429.5397562704
94025,1900142.7957764624,2902646.8285920895,208935.59590656057
94027,2000001.0,8314785.674277261,249589.58705451875
94028,2000001.0,4338042.01335732,249453.87490707493
94030,1840836.0431256185,2067126.7835949436,157732.01400350087
94037,1298800.0,1525533.358543614,159653.0
94038,1298800.0,1473351.755722759,159653.0
94040,1882995.8396466137,2914658.4709702465,191404.99645575503
94041,1481316.9462370144,2278177.9050852885,160092.43273216963
94043,1645537.3144922624,1599616.0086669724,187571.34223264485
94044,1216514.3347348922,1277292.9512904985,154540.63986414683
94060,1147972.8321230663,1195651.030382234,214196.3966723214
94061,1842748.0388157633,1991109.6875650976,159378.6545917376
94062,1958863.4092924471,2713312.5813094643,215877.7939126229
94063,1031304.9089804232,1296910.9080303758,116012.44874598032
94065,1800224.590250329,1852543.420755322,218314.48104829976
94066,1207750.043469902,1310825.2547053872,137170.45836073434
94070,1984801.3421638864,2474297.5450976123,223728.15468365516
94080,1162541.2292280644,1235840.0661614882,136613.99926344136
94085,1536710.8367481425,1583347.5168160584,176180.53213685326
94086,1720571.4259578215,1959743.1946456935,179584.22335579843
94087,1955068.351386581,2898234.5551654864,209544.77517442944
94089,668727.1947594912,1489946.934970973,163196.387452279
94102,1047303.9396801316,733210.2516761351,76537.02499892013
94103,1067757.2222768816,802666.1182720243,130486.27084701152
94105,1381023.030054771,1079017.706127545,227135.5719132299
94107,1333079.6448124018,1002906.7161619734,179177.77838910415
94108,1382817.7484733027,1007904.1826956188,67339.80641031166
94109,1442126.1036394113,1022825.9089339498,123729.1782251402
94110,1535178.2425180136,1349590.8425150728,154184.3711925962
94111,1265945.543899312,1088104.8894306663,146728.67236263744
94112,1199957.3026857704,1138143.9622546493,130305.82800299258
94114,1697496.3068318756,1911560.9726896803,206352.99553362268
94115,1582458.4652864076,1460368.5188586991,164803.7117455202
94116,1510814.1659030274,1574856.4273219963,155093.68273968072
94117,1606573.123929237,1589530.570367771,184256.8191632612
94118,1709225.6480325155,2097676.826511113,166627.28898951146
94121,1619539.800979767,1738109.48948905,137491.01404519996
94122,1491253.673161627,1634385.5314262602,144380.69041293868
94123,1920343.912873301,2351631.7687361683,222038.1104627304
94124,1030310.7339660252,917214.78967372,95093.18470309969
94127,1834540.2247466831,1943926.3210520511,189841.70669262615
94131,1741958.7918968273,1675511.8294751726,190518.81454186872
94132,1479829.8344689123,1361249.973715855,115203.37696308394
94133,1458241.4922735754,1370623.5052949584,110636.1370662087
94134,1063994.1125360809,1071723.3857592186,104405.93775365816
94158,1338967.058981476,1298030.8435584782,224373.9712775928
94301,1979482.1610569956,4362311.094087103,214728.56810855132
94303,1607192.4212279597,2140422.1538703837,166218.51662018802
94304,1694914.0794268474,3310285.742276455,161005.2167987974
94305,1991825.9547146568,3295414.993540786,146015.21279609713
94306,1999517.7183863088,3450948.85921043,189025.6009633306
94401,1191556.326849815,1223225.5088928954,133653.821041178
94402,1846731.8153860632,2478818.9825211526,182594.94795758775
94403,1672726.759795623,1835098.0488647532,185649.1704584669
94404,1637051.5640450288,1763096.8239800497,185826.5077712823
94501,1204729.7744217166,1151435.9181915915,125254.35088700656
94502,1201007.9441502166,1190235.905348408,197975.78147218737
94503,642180.6627051386,746493.0284817815,127140.22996061297
94505,803823.2461868542,792796.3335622977,153172.1830947733
94506,1756770.031361692,2091781.6787460232,237994.71178604764
94507,1928700.4693142008,2587084.8899331135,237935.0335159123
94508,993600.0,917622.5029002792,116818.0
94509,553864.6740880077,540119.195853484,83132.08229403455
94510,748038.0396725695,786760.0571511692,124059.43140982262
94511,625800.0,636835.7246415254,100948.0
94513,792675.7477741725,802462.0311733034,142809.62502045452
94514,840136.5637296343,848954.1208444327,96810.48288407618
94515,886689.7399592237,1079843.895660577,94398.21435730334
94517,1012096.9694211632,1056086.0056206286,159555.76127335566
94518,766401.3566583337,866281.0787057262,124334.1632577275
94519,740511.9766461501,720297.6505173477,116666.25406463262
94520,552330.5200521233,609862.0507077345,83005.64334272494
94521,810932.0753770208,793332.7725477787,133140.26462889172
94523,1045810.8899788116,1000456.8702401728,140358.6867938023
94525,707675.5075298612,667538.4370322207,99646.8285077858
94526,1635344.5883921066,1795866.31420876,207860.3442694191
94528,2000001.0,3149402.9285558723,236957.0
94530,1098151.4207931303,1141717.983271523,134487.64300066396
94531,657229.8834626817,668130.934039506,120129.2325820755
94533,528500.4548109191,538303.3482887776,92562.03834995817
94534,735846.8501947422,700548.6184218094,142823.25249334046
94536,1240775.4676038146,1463283.297472331,163252.01280566212
94538,1106991.743057295,1342015.899661599,146419.30767604784
94539,1796043.4383279025,2257200.351927473,230651.6158532225
94541,801210.8137758728,785828.3188996358,111413.7365736868
94542,1080089.5196602845,1264391.1429765427,138752.97911741718
94544,743780.9044246061,839519.6093694833,110875.7986836298
94545,856740.8974162668,908318.197369498,114392.83602215564
94546,984872.4335178916,1039786.3865819966,135229.05002331245
94547,757010.9953123439,746975.6024652207,137229.18774866042
94549,1782222.7890228364,1962151.9881459747,206148.7753372435
94550,1185556.421771432,1250692.427924281,181267.3728249709
94551,1007730.5934094308,1015799.3758373474,141755.2831747922
94552,1250333.9455942137,1406408.9913166228,196163.13280051923
94553,792569.8988160107,773998.0787543053,126839.31043297076
94555,1284102.020941232,1534962.450252122,203223.67269735
94556,1604837.3455978774,1668181.589563792,210815.24387733868
94558,889074.7106311579,913913.5766030968,111409.29264984129
94559,866643.6804163042,814986.2842462901,105811.92466699718
94560,1084046.5885465886,1253153.8282265917,178049.05828503688
94561,628183.9069171933,665613.689052063,128167.90062232218
94563,1816548.0784363805,2006336.7114008616,236529.71423999875
94564,708771.9458370903,726086.0603047744,120777.17160393868
94565,553948.5549166225,568819.917000181,97564.05386139528
94566,1538925.8285033652,1741683.8015767436,186428.7784645775
94567,636581.5920315129,440745.7383223832,93862.33180468345
94568,1282865.4140903184,1298363.2358308395,190190.60932334056
94569,713000.0,658292.1412806599,102107.0
94571,474476.5119158221,460706.38364334893,80341.70144272542
94572,647479.0630601145,651296.8610303247,85553.36267188023
94574,1679707.50265128,1684219.995940218,136634.21396270458
94577,829541.7069464837,811255.9677246964,115110.38713872158
94578,803236.4287093936,789506.2897272162,87871.35380327229
94579,794629.7648782156,864518.3532152828,94476.95899182458
94580,814553.1161518544,821284.0328474431,106624.06804314152
94582,1538977.2887435122,1766708.2910098035,212193.43322154204
94583,1263586.3858715629,1414724.321590974,188387.80639124857
94585,538676.7165302917,533177.0237732973,91740.96333105928
94586,2000001.0,1468760.03644172,222447.4622548634
94587,1044636.439499427,1265023.007357808,141354.93622210922
94588,1373488.7757994656,1442458.8797506178,193365.0943285555
94589,513553.5038702772,505196.4305672299,88249.90846237972
94590,476254.9700464399,458003.1110037637,69534.31268166652
94591,599197.3063272688,591387.4765494695,111652.27392596954
94592,548300.0,720682.8115405012,108373.0
94595,973475.0202772456,697561.1275128416,114560.83800173731
94596,1303844.9459089886,1103526.6336000788,148011.43603874222
94597,1013153.1232509124,1001598.1603772218,142516.59146267234
94598,1276198.330917641,1421400.844284336,185213.401974581
94599,767774.4287684471,1366195.85624451,80379.58983907658
94601,728921.2871709468,551981.0645933117,68873.25030023161
94602,1133342.927185831,999149.7758129272,124857.07904356184
94603,591638.039906602,510220.8608460366,74925.76890622004
94605,879990.772674819,665060.9843574566,111701.65011683897
94606,782967.1356862007,612658.6397793625,74349.41903124063
94607,797501.9479569818,529896.7375491132,96644.00030865998
94608,817291.3475559641,616888.6829022,115400.1670202018
94609,1227946.0369204732,956499.9920993582,113991.73143408031
94610,1401172.278707766,1206898.3674124386,135627.4731195807
94611,1474201.0813106303,1405057.83940091,184458.1057664497
94612,813458.1102250757,540378.0968002648,74170.84470308693
94618,1794091.9519020005,1631257.189658244,201088.01114210032
94619,964018.6260864262,843413.0939164069,126361.00908324258
94621,559021.3442019031,450082.8447776243,55635.68765602471
94702,1166458.7345975984,1182679.392841708,100568.21326983171
94703,1321175.706319716,1294407.971029347,108598.82174097028
94704,1220957.9531936902,1151180.3370709028,62876.61010201089
94705,1736274.6108007568,2007477.9517540336,163593.83033637344
94706,1170941.949797728,1271479.3010557566,147458.04178916517
94707,1642478.1188530377,1786395.6255835711,188629.92648099913
94708,1506366.1541220052,1635194.281637285,227543.81413443535
94709,1229338.794259522,1330376.3488128304,88848.67138404545
94710,1076693.0545029675,1003006.5147126904,116739.8198488225
94801,629315.5064412102,520108.1202521871,76368.25661449505
94803,740238.7700744895,735059.5180492313,117835.32654251128
94804,628893.0053745597,577529.9909785683,87768.4357021056
94805,773407.9013652137,702222.1959285839,122011.27627024398
94806,588487.9920067319,579789.6517006414,87692.26813476907
94901,1441387.7754439306,1427459.7215813256,119994.34737714032
94903,1145003.8661416147,1269125.9695730817,133250.9686941192
94904,1770448.600133093,2276411.122079989,177299.40385668777
94920,2000001.0,3336032.252898198,231295.42629595965
94923,1067055.8344929884,1459152.6277121415,139887.0721454046
94924,1758957.878021632,1914666.616436354,101854.30487764992
94925,1668274.8682817898,1860608.3803057931,207660.8651305193
94928,675528.2631117417,715625.6044554076,100241.78136461436
94929,1613000.0000000002,1418420.4249522209,126957.0
94930,1183790.8531906256,1248484.6906439497,137400.0705240547
94931,762183.9648770695,724951.2392647807,100270.85795837166
94933,1004100.0,888030.6565109488,142203.0
94937,1586100.0,1528633.8004116633,78860.0
94938,1004100.0,1071949.7958308572,142203.0
94939,1903825.4017265623,2201589.0473871366,193684.50377567144
94940,1613000.0,1530377.5897762692,126957.0
94941,1887799.5916548031,2139388.198394136,210782.69041289683
94945,1117531.2073124032,1090815.6480739485,109328.38167949492
94946,1610567.072284873,2090121.7201426767,127154.11520891493
94947,1002419.0096389436,1017902.287541274,126690.11275837268
94949,1025665.7732081688,1247695.065899429,122093.18817185573
94951,983129.6095024664,1288249.6789256977,115867.4553369557
94952,1056532.2247591575,1075323.9502677824,118598.6672539251
94954,769791.6716905276,838005.0284113568,109703.75277522056
94956,1593764.456178538,1548784.6801444653,93922.85550070576
94957,1993066.3745493805,4125965.625440249,248219.38380050645
94960,1594044.3603145392,1700113.635345047,177759.02413164754
94963,1004100.0,1327974.820237098,142203.0
94965,1534543.4533146746,1546147.3905380368,147819.083026039
94970,1761400.0,3402716.889530508,102188.0
94971,1613000.0000000002,1107943.2102798556,126957.0
94973,1004100.0,1121855.1044048036,142203.0
95002,1023400.0,1260655.0823128251,89861.0
95003,1182110.0147821703,1355348.230426225,139293.47890048093
95004,895648.4030121402,974649.9706668692,130091.34005153684
95005,872954.6575034481,919726.765767402,115026.88373843647
95006,934483.8340786071,726573.6554324636,138854.54269897932
95007,813893.6755018219,763537.3002684623,122933.94372603016
95008,1583793.3136881583,1945256.9266044032,151914.699993798
95010,812599.282586077,1251970.2138836712,96739.09977220753
95012,681103.1644141683,688479.811778518,95166.03140006356
95014,1998974.212480222,3182391.867584387,226703.9039944148
95017,1067200.0,979353.4960863226,154914.0
95018,874320.9980780832,842568.1125525353,118238.93528406508
95019,630481.5024284347,765374.9648163506,80031.3361000383
95020,1035482.5225270828,1076207.07312661,134302.28674900695
95023,765984.0880565718,761922.9928990776,110659.97146970344
95030,2000001.0,3624771.077546712,229764.68660051608
95032,1902000.722264257,2648628.6095591527,213639.36386935652
95033,1220508.501848784,1461063.9941602014,168737.62939860215
95035,1217110.5715747676,1487703.7493013267,178278.01743963975
95037,1168590.9015225433,1358138.839468693,169955.19661019463
95039,690663.0215936475,1087305.519434543,83947.85873506831
95041,921300.0,806650.3010704112,125469.0
95045,892428.2113666832,914412.292247326,106297.85551268836
95046,1442929.7985669726,1646016.3141971591,156781.01821539816
95050,1437042.6094382429,1660321.978340268,141535.2992096343
95051,1622551.3520008365,1932904.8245317556,189639.7452470593
95054,1454212.0962930229,1538748.8073952785,194949.3418716924
95060,1185837.5125669185,1389865.2111000922,111085.20972968904
95062,1002122.9638126238,1329039.7133709977,104860.81441234524
95064,1265492.9832651368,669979.869054054,137806.0
95065,1140506.345509983,1363617.168510473,142922.2082199919
95066,1165197.962370145,1287037.1572593402,146767.7168475472
95070,1995655.1069571744,4196446.062702202,233948.13373285416
95073,991104.2576935204,1345344.0156147713,124650.61582098115
95076,825368.5724592773,842113.1433405653,92440.2881656961
95110,976380.7723153228,844528.1375816251,111778.3386945308
95111,758670.2127532976,1077317.2752189692,104919.7743370764
95112,929139.4397106806,1024493.138026447,103220.82986404691
95113,972981.0051967952,665264.2764377893,93737.1085679172
95116,850302.5453952189,948443.0986216564,86357.98246867153
95117,1378250.4642655363,1822713.5812778997,127860.4544227302
95118,1401872.576164556,1703613.2586419266,146884.11628830075
95119,1185330.8167850887,1446298.8974920225,164948.4421057621
95120,1855366.8001603656,2311979.3038122584,236267.250509932
95121,1080473.7532983718,1273742.5925538335,144254.3819798062
95122,806063.4580322938,1001672.8613205953,102703.02626770372
95123,1071596.08170002,1396785.9077833246,143842.49745146863
95124,1616974.0539257317,2005760.3667340225,182277.45055246013
95125,1563755.225423095,1916050.5597801737,161756.1737337614
95126,1344283.863700104,1218762.5778366446,131664.01905387326
95127,1045074.29465173,1119901.982853086,131050.77580850475
95128,1345408.5073195668,1495786.9032826542,133942.9799426627
95129,1870295.5575451143,2721587.6711329515,177423.2108505836
95130,1751895.867667923,2207725.849912385,154425.2220864509
95131,1041964.06952865,1375243.817337759,165651.2876937487
95132,1262133.9284900944,1679342.527565655,170302.33379253824
95133,1155892.6249253734,1164669.9020564586,136212.24396003917
95134,557123.3077893343,1097587.468343004,196501.3959615727
95135,1380127.23990722,1788082.9418230008,182445.79239568612
95136,1005884.3473035546,1402631.3248329607,146673.24134621627
95138,1383595.609712002,1839454.9551560115,183699.69184398965
95139,1116593.6400672696,1368796.7152889862,185018.96691884944
95140,1315743.7558352752,1889446.1939504384,169290.6610131069
95148,1309291.5079371943,1573107.5609447155,166546.0673306972
95202,340023.90522931435,338931.0036023485,28921.30084614513
95203,349323.53060960886,350162.4475016966,58936.09895404604
95204,362072.15930174536,382555.13599489786,72974.47552909792
95205,300904.23485435836,328322.5046145564,55609.88107036564
95206,383524.1674198231,420410.7952840653,81980.6557271211
95207,412036.430433136,408782.868203636,69443.77124669659
95209,476172.05197196925,489034.9094091844,106487.3740769105
95210,314951.37507447833,394283.9195067249,64268.49382559631
95212,520554.36889707926,549283.5804377556,102911.05587203904
95215,439183.8891505662,440676.84982258035,73909.50287701919
95219,570063.1411467112,557447.2265334515,112599.0024374104
95220,763028.736378972,802291.0900026109,108069.00528317408
95222,461753.92771598033,449319.7847222565,70336.89262340526
95223,486553.18591493735,425339.60785963247,93770.02713730642
95225,540759.3504958143,556376.9382741882,92774.535422903
95227,693590.8827234025,961602.3978058076,117207.46779142677
95228,460733.4000285837,523535.1179289443,102650.00296926907
95230,635361.5914025748,710501.6356731112,95982.1234454006
95231,493016.6436436891,528487.5862576164,97471.54282742858
95232,314500.0,316586.91497412976,68909.0
95236,656896.0733096233,672517.2157117915,100361.8242557387
95237,427918.6175787072,525614.6044749321,90432.73646523368
95240,453304.27346848306,471691.7561961352,76172.3962417023
95242,556344.1585041401,576497.5947828492,99542.90009317744
95245,374994.5879155217,347693.74426420085,64846.13658703777
95246,445454.0651220111,342279.58783435455,62059.91077018488
95247,478743.09290798515,500612.6617699158,70399.62862915828
95249,410055.48401062447,346230.725212587,62782.43155823955
95252,457625.29380071186,471546.1487569809,86891.57119362932
95254,423646.2989040229,562334.6308315742,85425.1713385779
95255,314500.0,282263.2006686442,68909.0
95257,314500.0,276365.0393059206,68909.0
95258,549438.136242729,595649.5916338266,104838.56611354418
95301,386245.966278953,422841.7584781742,72215.6660890242
95303,598508.5246223758,794017.1904592849,104948.15336085518
95304,765000.9316138431,921788.9321850447,133574.39316520252
95306,408483.2604293917,478389.8415497327,70182.42936219476
95307,453471.61961140897,455460.8781343038,75720.74386417665
95310,405517.2123916759,394116.20552127174,62871.30359977926
95311,317930.90135848266,328620.1176124481,74674.2279671381
95313,545138.4999220712,744507.5034361538,63294.212048066096
95315,384010.9168257119,415984.7662077399,75272.20037766459
95316,541329.627642263,555791.6696405847,103782.68941934458
95319,321564.0299961941,358431.9225621007,53747.85662465455
95320,542307.2367445484,602126.15041868,87704.00911457735
95321,373614.6636604272,397584.2078108335,75783.27249194487
95322,461981.5704570948,421074.1224998644,63749.83765188227
95323,688900.0,611340.7377224494,95119.0
95324,460657.514675151,481936.37947404943,76573.7272825364
95326,526893.4968227026,554267.6562194023,92218.43681390263
95327,389377.5146825726,407791.0077768808,66108.0488527701
95328,343999.99999999994,432367.4381291649,64738.0
95329,409792.12359158794,399504.10849228274,79088.24219939628
95330,598386.8292843265,647374.2386386403,115482.9179981423
95333,264558.6216994601,350374.51664761035,54253.28201457128
95334,366637.9910804717,427287.9637560062,74249.91658222346
95335,375000.0,317577.8920197271,61787.99999999999
95336,518319.8514250799,529475.6955407226,88893.22764525856
95337,607417.8250150662,648372.9365583573,117476.5877599688
95338,368131.6705494751,398504.6768893309,63229.94480169482
95340,388768.6996103346,405366.8639686635,69388.60997285852
95341,293614.7325093801,363512.9230746473,55241.18894271576
95345,358306.38881422963,371336.0400654262,60269.339585633985
95346,476691.2535912182,343599.1784764735,90598.81215775624
95348,368798.5614653845,416630.44476911816,73229.46281031275
95350,415383.6656859414,429525.24135041813,73869.8422306747
95351,324587.903475915,381130.96173687186,58763.53545433797
95354,353871.41320522747,400198.44196972105,69941.32445334818
95355,450527.68357045896,491591.83364317234,87914.47564140474
95356,482416.74813499296,525876.8937483514,93663.7183487614
95357,460519.8798287238,509272.8134850384,103121.32772901056
95358,418709.30908204115,435491.9025509628,75103.01787661435
95360,395542.45434562874,438558.25130298425,74176.09359897557
95361,541515.4757617065,559641.892896791,90076.43539377794
95363,458713.1658844228,510874.33097091527,94082.96809319372
95365,258799.99999999997,288217.4130034064,48106.0
95366,681013.2841543766,689109.9315128957,115475.3563503044
95367,468560.7266398147,486240.48681414913,97419.30083267954
95368,457802.1489722058,492376.34697213926,96232.97785636212
95369,567975.6364098386,478529.72145053634,89575.69635701738
95370,419064.7708519061,407975.759172291,73062.83818380242
95372,402899.78993634693,392669.7473928975,75980.25927050335
95374,425283.426035436,646802.8272915165,54082.61426969235
95376,592930.3480045474,598407.0318706558,105220.33236524824
95377,780713.963891037,773240.1172761089,155390.18942474393
95379,376800.0,347257.5985340732,78292.0
95380,420742.75163425977,447674.3990937547,74986.14664717007
95382,482004.53901887214,515410.4956454571,90868.41687888849
95383,432609.79443425586,403415.3985063584,83331.31499762877
95386,416361.2440613499,431934.1329992691,83536.303403705
95388,324419.5351852251,362914.8214049242,61671.92740971163
95389,362500.0,641606.8776604576,59992.65448684122
95391,851915.9437732655,928663.225845891,181046.70393552227
95401,640589.5418159142,655806.308601394,94275.38947152664
95403,687347.6043455187,730080.6764579032,103045.5227785179
95404,886230.4455476963,821783.4484539066,110072.95057466032
95405,764729.7770580741,742246.1264583337,122042.92507970812
95407,560069.296717774,635493.5314355544,82673.24244671593
95409,825091.6924027746,785253.0572220334,116297.18948343044
95410,657000.0,629351.5633396282,39920.0
95412,716272.1996820915,935131.6266338348,70879.55284527598
95419,1122809.9077712763,460295.7570969917,103999.32095212098
95421,792651.2028268871,586334.4802069025,80988.70240706316
95422,209551.8742623296,205745.16097065955,43846.9686330712
95423,292705.76143317274,258971.60780658387,45074.212417241855
95425,673680.9940725672,641287.3667315661,105737.28067933758
95426,340326.5531814305,283957.5255970871,90881.05932994916
95428,384700.0,273171.4394491027,44821.0
95436,721832.6627965777,638899.6022411454,101483.83414959228
95437,552514.782348139,577322.4902152304,55657.566635687
95439,797942.2365730379,1010866.9293754183,110571.3848164976
95441,1271947.051170909,1116535.4461940678,124825.0240587106
95442,1161381.606195968,1223892.9399496766,141259.67409820008
95443,235909.78542251297,279025.6588109279,47850.89302963184
95444,929900.0,822292.6254891786,134904.0
95445,659444.3351984605,627173.5331186053,96914.0586386935
95446,629721.6098190191,532830.383010971,87785.73026381855
95448,1093763.2401055165,1111279.0097017277,109262.22983022255
95449,628841.4544814557,563124.856341455,66337.52386191349
95450,1157557.4675377137,857701.9306141817,93129.2572204688
95451,341873.35285876674,355746.1925962455,71735.7544281995
95452,1115153.8086319468,1297427.8456811702,136865.5006098852
95453,384990.9194489725,359595.23692661413,73235.1694390315
95454,386179.07943693985,328743.7775930833,35595.29207725643
95456,657235.3387592969,770174.9784007365,40630.0395334198
95457,398800.7840797973,380560.9176657836,64761.49809816543
95458,244732.88109648263,239337.0780005752,48104.5717482045
95459,615300.0,658772.9116893568,95397.0
95460,659803.1419422767,941180.0200507598,67896.74307913816
95461,420860.03933693,320302.71008053725,87174.74156253673
95462,650558.9426737792,549831.9943796741,82498.98269325779
95464,198867.98152198008,228834.1002258352,69400.84359077243
95465,1109260.6732320082,1130956.0150056982,116721.50544101887
95467,398224.8603947831,369768.25258396793,75013.6006052615
95469,546922.8852538547,433975.5437119075,65392.81477702315
95470,515198.6585492235,557208.410188005,66233.1876392556
95472,1025150.3794641892,1102116.211385591,114836.177119962
95476,911874.5878191534,965638.1214603004,106701.09219679932
95482,476621.1224594411,486445.04780313914,76638.17982667511
95485,315599.83343819884,320581.2459442905,77191.12694451127
95490,405904.3814772976,353732.9636803663,72447.72066798207
95492,761598.834687123,808275.1741361403,124301.12709683253
95497,1130982.8618846557,1427589.2519685086,121525.74548121472
95501,408259.5160411067,392043.18777132453,62421.43083037005
95503,415429.1884111297,430506.6033860243,76160.16403591541
95519,447281.3439134457,483109.28994900966,64614.38560329488
95521,490104.3632406864,488555.7864199648,52738.0445908435
95524,583785.6439314542,598893.402245016,82075.07802257674
95525,573233.6560386303,451465.41591701936,70649.21344014637
95526,385728.87575264386,242944.9507328001,61626.45673656677
95527,427400.0,272919.229091795,59804.0
95528,534600.0,358001.6199511503,88500.00000000001
95531,307074.1698350651,361747.41262574465,69744.562376741
95536,569178.7572652993,502275.510919332,66585.29023285881
95540,384760.06049690384,423880.7421698526,64554.78347927808
95542,425160.6543342119,348644.74521892815,40458.46348734288
95547,533813.9329631721,522363.0632757328,88374.16680441679
95549,580309.3677474333,561238.3316490608,86367.26609695907
95551,392552.4913039498,443119.8412281675,61167.91816809842
95552,265700.0,243547.7415539497,44704.0
95560,380169.9076562577,282612.61460824724,57894.48832115421
95562,322700.0,306896.8518417131,46484.00000000001
95563,427400.0,262970.4375310217,59804.0
95567,406200.0,430833.0211596449,79350.0
95570,554771.6753499082,590816.5961592147,66248.61188577165
95573,328500.0,318862.8912415256,46935.0
95589,421662.8482857366,364288.7128107857,44954.06012458278
95601,522900.0,482723.17190005025,78158.0
95602,660299.2147651915,644847.8076989109,103054.08744362646
95603,620939.4818563137,619304.8402331318,88045.2210226158
95605,375999.3020937188,418258.8765623037,69430.70561578739
95607,493399.99999999994,731909.0499437046,99865.0
95608,582486.0346894703,574495.0404461148,91971.2144488301
95610,470954.4133567629,511282.1358555064,79405.1429615998
95612,1093254.7715985074,806342.4853889365,134184.33920866912
95614,477765.333183412,529477.4085439224,113175.0742635941
95615,661635.2323851513,589789.128718426,75839.6006989624
95616,850117.0948314611,857241.9462516153,79194.10362316082
95618,865494.2539927129,843198.5210493162,116769.83619218592
95619,385752.15018146473,440379.50480886694,80051.97341333315
95620,604459.7627806887,609646.5773163362,99268.13616803792
95621,395312.3244845464,452371.04836009577,76706.96661328351
95623,579833.7029365351,569442.3217818419,99001.7704657437
95624,619600.1570548109,640186.2074999275,124392.8526709106
95626,466148.0223711758,513843.1500946215,102732.14235361322
95627,493564.8397386858,475173.3996139411,99301.69291278109
95628,613378.461305073,620478.5901491136,111480.423887431
95629,440978.105975972,473058.755108336,90565.73108295296
95630,716292.4221285614,767870.0819241466,140249.76454445397
95631,501300.0,501766.13110910595,103579.0
95632,512487.8177224682,536189.3967545308,91894.5238904148
95633,434303.4448498408,486031.6721822392,83073.04911790868
95634,371367.3680803166,416617.0625694665,81069.10956416499
95635,428097.70876528975,484301.7054934576,91309.28705340468
95636,424200.0,330184.8521857068,88922.0
95637,493400.0,647862.2830275529,99865.0
95638,702915.7670232673,806722.1412969368,116203.55759271786
95640,435494.0833152456,465920.11446689133,84227.29371210196
95641,296585.3336974975,409246.66312927473,61611.09792565319
95642,461834.842382584,436252.0375430907,86931.18474083328
95645,392296.1939630904,426914.40294308495,71478.84237686338
95648,643713.8211235299,646626.4091078122,113540.94242250617
95650,810071.4436222091,941351.4384690598,157934.6090540557
95651,651555.2844324053,600755.0044412332,113837.870307183
95655,569801.2138332606,576021.4486148603,117149.25364341972
95658,817209.1670745448,933482.9275805358,134884.3604160129
95659,578400.0,524733.3959498729,98409.0
95660,331715.7041845156,387340.5596269519,71321.26080650618
95661,682298.325610687,698443.0949654344,112880.4260059706
95662,511978.0552200696,562198.6169697797,97302.69087933976
95663,902811.8434544746,949368.4023216072,129205.9794975862
95664,479300.3416065176,667012.4778172009,113873.04824515928
95665,389416.280656996,403621.5204476184,76457.45926644174
95666,355515.438541391,342631.93076435925,79898.39486980453
95667,525044.5991340297,533693.3187353184,90864.24965387452
95668,597278.5267158452,778077.9592481327,106530.56529283896
95669,476578.5512708354,567651.6963522132,89068.98124293765
95670,496765.0181939725,488577.4232208717,93517.98387827766
95672,785026.869505505,831162.6892286435,148574.3633173682
95673,444426.75913639297,453109.0988082283,91821.21044928912
95674,578400.0,644634.0118757795,98409.0
95677,631965.0471333984,659037.2245795708,110468.0510759385
95678,530862.0680005851,547614.2383719132,104414.10050746884
95681,683200.0,541051.1161041451,107952.0
95682,687326.0398297213,668591.6807481799,119273.3858428591
95683,679824.7345309209,710674.0190940356,133665.71193770223
95684,469590.9389969665,460987.4382547322,81222.87172520239
95685,484041.975331826,470639.1351793932,76039.28203085433
95686,372799.99999999994,563622.6600640869,55469.0
95687,584719.6124716495,581436.6990286618,112444.72631080696
95688,685968.7784760738,663723.8340827691,117693.22833466256
95689,399899.4525298829,396284.5093032249,87954.24293508126
95690,592116.5194893054,543163.0207585737,71594.19219850149
95691,512447.3283468693,564199.9070988573,104447.75905241024
95692,411293.91777978634,455254.8648054883,83309.26268064298
95693,876088.8369934473,961619.4251351468,134040.53749683974
95694,707538.3300264989,617289.2251197934,121246.73280904262
95695,534055.9193228118,520858.1319984515,84284.99975846194
95701,455100.0,469358.469408555,92530.0
95703,577079.7987584132,544855.8783067229,114991.22192458528
95709,526362.1713151021,509881.97510148416,77776.99040080109
95713,485451.11558305344,504755.18078883225,93806.87369034484
95714,455100.0,417818.9100310095,92530.0
95715,455100.0,363549.5103115828,92530.0
95720,538605.8665157942,319394.093196638,120545.72931590104
95722,659447.6787626481,674606.5756889941,104305.79845296196
95726,418953.7921994215,400010.0253624942,88354.21631759845
95728,509903.8666357953,758919.6140396352,76750.10351744037
95735,478509.94665071426,322683.3724143359,107019.2431047382
95742,619386.6234956845,625113.2280846125,166290.30133190384
95746,1040873.546980595,1166824.5904737627,185531.46664701655
95747,662554.6219020555,670901.5267101385,134978.4251927471
95757,650580.6947588813,701369.0219416237,129500.79985806874
95758,558537.3611183909,577513.1046109187,111575.8110268176
95762,883231.2762845029,920376.2382418878,166034.5510937392
95765,718652.2552367987,725702.2740850208,136201.2693449114
95776,538885.7908766096,602858.3512366237,107353.21002985038
95811,740894.3995930867,599541.3547448227,76871.57761258318
95814,646684.2182629218,549627.1983294373,63404.3597624208
95815,311527.00762765144,356920.60094258137,55177.987027989584
95816,777593.701737741,719975.825542802,96178.43944844602
95817,510789.537320756,477268.4178707958,71970.56297361392
95818,777100.4272462752,718277.4977621301,125617.00981137429
95819,741195.6523723957,758709.1391726626,125699.24529722036
95820,397101.0664007024,405119.9894849597,71902.70761964707
95821,463282.5727454114,498471.74030705943,62518.67026656696
95822,488826.10103344714,437546.41135937977,84991.17206497166
95823,375960.0506904247,428015.365963074,67485.0092040591
95824,315880.9621924314,367512.5194969381,57439.49267823056
95825,506425.6969251873,404387.4063266208,68595.66382912308
95826,430723.23180304794,473079.9478627625,82012.22755482528
95827,375814.09178572614,475623.8536046239,83169.19861094598
95828,384560.3566944243,456124.8906232289,78774.96940488418
95829,569187.5606137266,595664.1919086648,113409.69117029368
95830,742733.0684809684,1026160.3407597248,148458.2927551302
95831,619438.938086825,635892.0788591673,98886.9386354119
95832,379406.1869808971,422263.1071804802,83165.18040194755
95833,445821.23888701544,458931.08998846245,89635.69645269375
95834,520460.7145505346,528369.7604098798,97557.1903059514
95835,589789.7541062817,575162.680570629,116105.32439982511
95837,825314.5069808338,1005784.8311375394,144285.0059965134
95838,366839.19784361793,397794.44504066993,66420.35007608321
95841,425027.1459062321,433901.8626656821,64333.604932266586
95842,364659.91610216105,423641.75012441754,67531.16435987508
95843,474675.86924008944,505361.2538626371,99424.69480671434
95864,757165.2346622694,752328.1946798578,122830.0846010628
95901,365883.5945724184,391861.6709354804,66270.25264586978
95912,398914.9402649792,417218.183254512,70796.49669592519
95914,358754.5145676186,396066.38148258394,72533.05008541272
95916,297389.9091586374,245765.99625004412,63721.04150968654
95917,371017.6709348713,344825.17316076625,82144.41638796176
95918,571267.2542354203,563309.1119227442,90839.82513074522
95919,345374.54390964296,309888.30242335895,46165.58396496837
95922,310487.2421701901,357000.88807285554,39228.83754444555
95923,528800.0,343238.12068387144,97727.0
95926,459359.14361022617,436999.67475417955,67440.35174772216
95928,511875.71646848664,463449.34777585085,72667.77081459109
95930,284500.0,263654.1305042552,64957.0
95932,371384.6442979337,373374.64765380113,68934.75850701936
95934,347500.0,202573.8591133356,67833.0
95935,404161.4299942339,371825.1629463534,60998.665076930265
95936,334100.0,315190.2083507429,60000.0
95937,447900.0,456226.9315400067,64680.00000000001
95938,601999.8600919336,603294.1794689172,120656.54676370906
95941,294551.2435626787,249448.51932688415,53650.20150138956
95942,512781.7841852354,372805.4658760833,152908.90820206347
95945,524470.9171753422,479883.9298137368,64132.70969161771
95946,529852.0069840931,521387.9735274766,87100.83601580713
95947,347500.0,244832.1955121502,67833.0
95948,348351.07687716867,354156.817978838,64677.52266169172
95949,530891.782056299,544292.7872553194,96479.77508373064
95951,382900.0,301705.2555982063,71528.0
95953,334108.95517434494,393557.10056478874,65655.28327241167
95954,264274.8048174222,273465.5440481776,62235.74070981424
95955,293900.0,297056.1981039837,51750.00000000001
95956,326300.0,279538.7274294551,62582.0
95957,356647.56102480623,420438.3905909707,75270.70594652893
95959,597663.5869405523,555036.9143929855,84344.48690611999
95960,396629.3005091211,353665.00854512915,63820.64146652901
95961,400144.10780330567,450771.8969339885,89977.79174690616
95962,407048.7858623359,428505.19849996926,61570.117699551134
95963,362567.4408453068,395325.6809195254,68961.60296375575
95965,304191.8471621443,306496.3662746627,53474.81524203613
95966,313003.4501419654,311951.93578295945,65467.225799790605
95968,255881.00964041907,258929.7131412922,43712.55573560961
95969,457361.9427004425,335437.8519182445,76308.08844600998
95970,446591.7920515404,359500.0081028754,55909.43631050744
95971,312962.9792641662,320109.2535054395,82200.0693056957
95973,517881.09779403853,502825.70656216657,94336.0157443534
95975,590873.8887523636,522295.4296490533,65777.02212834384
95977,480209.3188334632,451677.37874924,90222.17767837545
95979,296454.78456422087,279450.0819976108,52898.95052344082
95981,322779.80564134655,280098.2673950127,56731.09086126029
95982,387299.99999999994,420010.7439377349,101151.0
95983,347500.0,265032.9351838836,67833.0
95987,376697.5317789982,374788.20162809105,90523.8552973299
95988,337423.48166314414,315754.15221334127,78743.02434658418
95991,378173.8518857217,406315.0187593063,69403.68722195523
95993,437381.92261845205,478277.8783654103,90402.05242053307
96001,400487.59456099593,386771.521414227,76925.07730635977
96002,364113.12671106705,380306.8320976104,75105.85210652261
96003,350919.23978087923,405766.7577700822,73465.56333662747
96006,210000.0,193873.45620597497,60455.0
96007,296914.6576759148,343004.999767153,65331.81012329743
96008,346593.70109146787,436462.0255325294,73043.4192631607
96009,198100.0,205638.8014133571,44929.0
96013,232320.62658842953,218322.92138277335,52571.73084503295
96016,401586.3610157332,312461.33158869157,70903.0767707098
96019,284105.5127295585,301964.08841487305,64663.73715395058
96020,306756.45125512744,346226.80791747087,83857.02239082634
96021,321476.85185458657,295197.4944110166,61660.22258918325
96022,347883.88059060805,370079.8019113148,83980.04214130437
96023,142400.0,140156.59119635538,36824.0
96024,333500.0,304629.711053093,53646.00000000001
96025,273522.47766936745,239066.59384778095,44470.89203313194
96027,298400.0,275390.4951345587,69943.0
96028,419500.0,302298.4943709823,73382.0
96032,306677.52088520915,280979.20528117416,67117.55645840894
96034,332905.1055774384,292907.35613056907,73697.25780268159
96035,237771.34683748352,267006.1485282515,52581.72709543944
96038,355200.0,234093.39441863305,76107.0
96039,228300.0,150181.17391684302,48173.0
96041,265700.0,162057.74254846448,44704.0
96044,228351.04062125925,236179.76253791468,51673.22284803435
96047,398929.94904209767,343628.10195603495,108980.02270863808
96048,427400.0,249694.0418736872,59804.00000000001
96050,251244.3969782609,218102.8713145776,53088.44647584061
96051,318500.0,337522.84003709065,65208.00000000001
96052,334222.5331178172,280406.83668175124,56238.556262506994
96054,210000.0,225711.9381816312,60455.0
96055,271730.2555897323,321822.0723205224,58609.5868362318
96056,314341.8187274925,300081.4056557465,61303.64727634639
96057,308100.0,291957.7626388443,46307.0
96058,175894.7842229317,120519.43640454632,38850.73691706683
96059,301642.1714570812,330484.77978641976,72967.1722851365
96062,403542.51336293336,546623.500939903,86683.3126370001
96064,255929.5241997808,258363.24380419592,59857.74248587921
96065,290200.0,297671.3945336389,64270.99999999999
96067,371346.0861102299,416101.22418398486,62051.69347138532
96069,343493.5237292174,379156.42585012777,77255.98116008948
96071,369015.129572444,269105.4710165769,66709.95449474556
96073,511048.24361920025,570351.3128688325,114599.34356787142
96075,328200.0,164417.19226802108,72944.0
96080,320469.8416926863,319150.21033887495,68558.14534660526
96086,228300.0,218173.9715821134,48173.0
96087,400817.73144326697,341722.43261917535,109161.10276325847
96088,303224.264479963,321830.6000722468,73704.1730809674
96091,334367.97829077527,273660.6631864453,56768.72303013939
96093,336965.3259010536,296257.21844994574,66735.21778460436
96094,309221.25534306525,307248.1652970237,71887.15449248899
96096,398788.9747175876,390530.1888108908,88154.07600601693
96097,267289.06349461974,255630.00328636545,50206.05880515608
96101,197685.2000972789,176739.18175728308,55988.939693155065
96103,456043.2095971028,402718.04742199974,66586.15141430948
96104,243100.0,223683.08564982493,52604.0
96105,252200.0,330531.80443996197,52353.0
96106,456500.0,615789.3598975665,66600.0
96107,334800.0,338111.10377286,78750.0
96109,208200.0,183311.3914820827,53063.0
96113,208200.0,125025.61558937289,53063.0
96114,300186.97161939717,312338.8090708977,72085.82247911755
96117,357700.0,287481.84381557634,89410.0
96118,334100.0,307321.73011003894,60000.0
96120,466100.0,532717.5983193954,110781.0
96121,213104.29285302287,293573.3504010296,53943.44970888363
96122,252200.0,262455.85871029255,52353.0
96124,334100.0,381159.71331388527,59999.99999999999
96125,334100.0,342799.09901696985,60000.0
96126,334100.0,499121.5846201023,60000.0
96128,357700.0,293781.39480194944,89410.0
96129,252200.0,369515.228062892,52353.0
96130,260415.6814285491,235176.28611414647,72033.9451457668
96134,179031.62453707424,156603.70259072116,53158.11482321406
96137,488961.6920464311,443373.20093198144,92110.3320001094
96140,901600.0,1121634.7322182534,147000.0
96141,1021698.7868400072,1294450.6413089046,114151.71474886835
96142,799030.0567015349,898081.4345691797,89031.92178679805
96143,713661.7130307467,777961.4215786272,57937.7917102055
96145,997237.9908981952,1243726.0028956693,127514.1247837636
96146,1234933.2497418702,1020480.0013477243,114708.9563232498
96148,795800.0,859502.1415948019,96336.0
96150,705996.304635542,665904.7136895115,87459.0199010561
96161,959403.9032623589,1014603.1026445016,135178.20843134998
