year,naic,group,company,dwelling,commercial,bop
2024,25151,176,State Farm Gen Ins Co,0.1679738,0.0928699,0.0780713
2024,15539,1278,CSAA Ins Exch,0.0658296,0.0,0.0
2024,15598,1318,Interins Exch Of The Automobile Club,0.0502307,0.0,0.0
2024,38342,660,California Automobile Ins Co,0.0499506,0.0,0.0
2024,21660,69,Fire Ins Exch,0.0431227,0.051108,0.0465802
2024,19232,8,Allstate Ins Co,0.038143,0.0144403,0.0122806
2024,19070,3548,Standard Fire Ins Co,0.0338643,0.0,2.6e-06
2024,23787,140,Nationwide Mut Ins Co,0.0254788,0.0185929,0.0201074
2024,25941,200,United Serv Automobile Assn,0.0236696,0.0,0.0
2024,21652,69,Farmers Ins Exch,0.0232096,0.0596159,0.0732487
2024,24740,111,Safeco Ins Co Of Amer,0.0230018,0.000962,0.0010779
2024,24732,111,General Ins Co Of Amer,0.0227594,0.0,3.4e-06
2024,25968,200,USAA Cas Ins Co,0.0211432,0.0,0.0
2024,42404,111,Liberty Ins Corp,0.0208221,0.0,0.0
2024,11185,69,Foremost Ins Co Grand Rapids MI,0.0185687,0.0,0.0
2024,37850,2898,Pacific Specialty Ins Co,0.0178391,0.0,0.0
2024,21687,69,Mid Century Ins Co,0.0168873,0.0126817,0.0174569
2024,21482,65,Factory Mut Ins Co,0.0152697,0.0,0.0
2024,16535,212,Zurich Amer Ins Co,0.0123348,0.0052846,0.0062006
2024,29068,473,American Family Connect Prop & Cas I,0.009268,0.0,0.0
2024,25674,3548,Travelers Prop Cas Co Of Amer,0.0088794,0.0423946,0.028652
2024,42978,19,American Security Ins Co,0.0087987,0.0,0.0
2024,20281,626,Federal Ins Co,0.0082976,0.037786,0.033884
2024,18600,200,USAA Gen Ind Co,0.0081846,0.0,0.0
2024,25180,4869,Stillwater Ins Co,0.008148,0.0014629,0.0015084
2024,11005,473,Homesite Ins Co Of CA,0.0078861,0.0,0.0
2024,24376,5010,Spinnaker Ins Co,0.0075183,0.0004829,0.0008273
2024,10921,1278,CSAA Fire & Cas Ins Co,0.0071608,0.0,0.0
2024,42722,361,American Modern Prop & Cas Ins Co,0.0071284,0.0,0.0
2024,16023,5032,Lemonade Ins Co,0.0071239,0.0,0.0
2024,13927,473,Homesite Ins Co Of The Midwest,0.007029,0.0,0.0
2024,10014,65,Affiliated Fm Ins Co,0.0069971,0.0,2e-07
2024,35300,761,Allianz Global Risks US Ins Co,0.0065857,0.0,0.0
2024,39012,111,Safeco Ins Co Of IL,0.0064589,0.0,0.0
2024,12873,3098,Privilege Underwriters Recp Exch,0.0064179,0.0,0.0
2024,29742,8,Integon Natl Ins Co,0.0064044,0.0066956,0.0044053
2024,14042,155,ASI Select Ins Corp,0.0057365,0.0,0.0
2024,21253,200,Garrison Prop & Cas Ins Co,0.0056461,0.0,0.0
2024,13544,280,California Capital Ins Co,0.0056206,0.0276592,0.0288013
2024,24724,111,First Natl Ins Co Of Amer,0.0055581,0.0,0.0
2024,34690,91,Property & Cas Ins Co Of Hartford,0.0052807,0.0,8.9e-06
2024,20117,33,California Cas Ind Exch,0.005051,0.0,0.0
2024,18279,626,Bankers Standard Ins Co,0.0049441,0.0,0.0
2024,10111,19,American Bankers Ins Co Of FL,0.0049041,0.0,0.0
2024,42390,31,Amguard Ins Co,0.0048271,0.0175869,0.0230166
2024,28401,408,American Natl Prop & Cas Co,0.0045898,0.001712,0.0012284
2024,19976,28,Amica Mut Ins Co,0.00456,0.0,0.0
2024,11126,3219,Sompo Amer Ins Co,0.0044753,0.0006088,0.0009842
2024,25798,4968,Sutton National Ins Co,0.0044113,0.0,0.0
2024,18953,323,CSE Safeguard Ins Co,0.0040874,0.0,0.0
2024,19380,12,American Home Assur Co,0.0039967,2.89e-05,5.16e-05
2024,39217,796,QBE Ins Corp,0.003971,0.0005986,0.0006179
2024,10759,71,Universal N Amer Ins Co,0.0039634,0.0,0.0
2024,15776,800,Residence Mut Ins Co,0.003889,0.0,0.0
2024,23035,111,Liberty Mut Fire Ins Co,0.0036258,0.0011961,0.0008024
2024,10914,215,Kemper Independence Ins Co,0.0033995,0.0,0.0
2024,24554,968,XL Ins Amer Inc,0.0032616,0.0,1.44e-05
2024,25321,69,Farmers Direct Prop & Cas Ins Co,0.0032062,0.0,0.0
2024,10683,0,Wawanesa Gen Ins Co,0.0031495,0.0,0.0
2024,10945,3098,Tokio Marine Amer Ins Co,0.0030633,0.0011932,0.0016362
2024,18961,140,Crestbrook Ins Co,0.0030518,0.0017023,0.0011024
2024,10677,244,The Cincinnati Ins Co,0.0030481,0.000207,0.0003078
2024,21458,111,Employers Ins Co of Wausau,0.0029166,0.0,0.0
2024,10358,8,Encompass Ins Co,0.0027272,0.0,0.0
2024,23043,111,Liberty Mut Ins Co,0.0026305,0.0005301,0.0003091
2024,10004,313,Seaview Ins Co,0.0023425,0.0,0.0
2024,27120,91,Trumbull Ins Co,0.0022108,0.0,2.32e-05
2024,19100,140,Amco Ins Co,0.0021202,0.0307927,0.0354423
2024,26247,212,American Guar & Liab Ins,0.0020922,0.0012766,0.0019031
2024,16578,4869,Stillwater Prop & Cas Ins Co,0.0020803,0.0,0.0
2024,29700,181,Swiss Re Corp Solutions Elite Ins Co,0.0020209,9.97e-05,6.91e-05
2024,19682,91,Hartford Fire Ins Co,0.0019974,0.0133509,0.0128994
2024,12502,4672,DB Ins Co Ltd (US Branch),0.0017552,0.0,0.0043747
2024,10317,69,Neighborhood Spirit Prop & Cas Co,0.0017326,0.0,0.0
2024,10693,323,Civil Serv Employees Ins Co,0.0017312,0.0,0.0
2024,19402,12,AIG Prop Cas Co,0.0015918,0.0,0.0
2024,22578,300,Horace Mann Ins Co,0.0015039,0.0,0.0
2024,14907,645,Oregon Mut Ins Co,0.0014447,0.0058908,0.0047135
2024,10220,4997,Accelerant Natl Ins Co,0.0013786,0.0,0.0
2024,26905,8,Century Natl Ins Co,0.001299,0.0,8e-07
2024,23469,361,American Modern Home Ins Co,0.0012989,0.000307,0.0002787
2024,20362,4715,Mitsui Sumitomo Ins Co of Amer,0.0012959,0.0045384,0.0040664
2024,25895,31,United States Liab Ins Co,0.0012227,0.0,0.0
2024,13935,7,Federated Mut Ins Co,0.0012022,0.0012486,0.0020488
2024,22101,83,Grange Ins Assn,0.0011563,0.0028608,0.0
2024,22748,626,Pacific Employers Ins Co,0.001105,0.0021893,0.0027407
2024,22667,626,Ace Amer Ins Co,0.0011004,0.0516504,0.0337718
2024,11000,91,Sentinel Ins Co Ltd,0.0010906,0.0438004,0.0491871
2024,22713,626,Insurance Co of N Amer,0.0010903,2.3e-06,5.9e-06
2024,14974,246,Pennsylvania Lumbermens Mut Ins,0.0010124,0.0,0.0
2024,28860,4850,Clear Blue Ins Co,0.001007,0.0,0.0
2024,20443,218,Continental Cas Co,0.0009354,0.0079235,0.0095726
2024,16063,215,Unitrin Auto & Home Ins Co,0.0009331,0.0,0.0
2024,23876,411,Mapfre Ins Co,0.0009189,0.0,0.0
2024,23248,225,Occidental Fire & Cas Co Of NC,0.0008275,0.0,0.0
2024,39861,0,Golden Bear Ins Co,0.0008216,0.0032524,0.0030912
2024,10970,4718,Response Ind Co Of CA,0.0008141,0.0046603,0.0054401
2024,11800,69,Foremost Prop & Cas Ins Co,0.0007604,0.0,0.0
2024,10315,69,Civic Prop & Cas Co,0.0007275,0.0,0.0
2024,23434,169,Middlesex Ins Co,0.000722,0.0,0.0
2024,28932,785,Markel Amer Ins Co,0.000626,0.0006608,0.0004957
2024,24988,169,Sentry Ins Co,0.0006209,0.0,0.0001852
2024,41343,517,HDI Global Ins Co,0.0006036,0.0002613,0.000402
2024,11991,140,National Cas Co,0.0005761,3e-07,8.1e-06
2024,13021,248,United Fire & Cas Co,0.0005381,0.0,0.0
2024,13978,169,Florists Mut Ins Co,0.0005138,0.0,0.0
2024,21873,761,Firemans Fund Ins Co,0.0005108,0.0178558,0.0203374
2024,10936,158,Seneca Ins Co Inc,0.0005097,0.0028457,0.0027594
2024,24082,111,Ohio Security Ins Co,0.000484,0.0316456,0.0325004
2024,24414,796,General Cas Co Of WI,0.0004751,0.0048702,0.0060965
2024,28223,140,Nationwide Agribusiness Ins Co,0.0004725,0.0266581,0.0053876
2024,42579,140,Allied Prop & Cas Ins Co,0.0004647,0.0,0.0
2024,22756,300,Horace Mann Prop & Cas Ins Co,0.0004592,0.0,0.0
2024,21415,62,Employers Mut Cas Co,0.0004418,0.001199,0.0014599
2024,44393,111,West Amer Ins Co,0.000343,0.0172475,0.0215654
2024,22322,968,Greenwich Ins Co,0.0003228,0.0023065,0.0015058
2024,43460,4734,Aspen Amer Ins Co,0.0003055,9.8e-05,0.0001469
2024,10318,69,Exact Prop & Cas Co Inc,0.0003047,0.0,0.0
2024,21105,158,North River Ins Co,0.0002996,7.6e-06,7.19e-05
2024,37257,796,Praetorian Ins Co,0.0002824,0.0,0.0
2024,27154,4904,Atlantic Specialty Ins Co,0.0002804,0.0027868,0.0037661
2024,12890,280,Eagle W Ins Co,0.000269,0.0,0.0
2024,19429,12,Insurance Co Of The State Of PA,0.000267,0.0016647,0.0011864
2024,41459,0,Armed Forces Ins Exch,0.0002496,0.0,0.0
2024,22314,31,RSUI Ind Co,0.0002329,0.0,0.0
2024,33898,313,Aegis Security Ins Co,0.0002285,0.0,0.0
2024,37885,968,XL Specialty Ins Co,0.0002029,0.0,0.0
2024,38911,98,Berkley Natl Ins Co,0.0002007,0.0008482,0.0012831
2024,37273,3416,Axis Ins Co,0.0002002,0.0001782,0.0005533
2024,21261,350,Electric Ins Co,0.000184,0.0,0.0
2024,28304,7,Federated Serv Ins Co,0.00017,0.0,0.0
2024,21180,169,Sentry Select Ins Co,0.0001683,0.0,0.0
2024,31453,248,Financial Pacific Ins Co,0.0001425,0.0004007,0.0008913
2024,35289,218,Continental Ins Co,0.0001351,0.0035723,0.0045241
2024,25453,140,Nationwide Ins Co Of Amer,0.0001329,0.0017286,0.001986
2024,12831,785,State Natl Ins Co Inc,0.0001185,0.0080014,0.0059122
2024,26379,4234,Accredited Surety & Cas Co Inc,0.0001182,0.0005421,0.0006741
2024,21709,69,Truck Ins Exch,0.0001133,0.0273798,0.0345666
2024,15884,3494,Falls Lake Fire & Cas Co,0.000105,0.0,0.0
2024,39306,212,Fidelity & Deposit Co Of MD,0.0001011,0.0024258,0.0017014
2024,19240,8,Allstate Ind Co,9.22e-05,0.0,0.0
2024,13722,1316,Knightbrook Ins Co,8.65e-05,0.0,0.0
2024,20397,626,Vigilant Ins Co,8.58e-05,0.001467,0.0013855
2024,24074,111,Ohio Cas Ins Co,8.57e-05,0.0054592,0.0086531
2024,39845,181,Westport Ins Corp,8.37e-05,0.0,0.0
2024,16691,84,Great Amer Ins Co,8.18e-05,0.0056797,0.0046925
2024,10391,31,Berkshire Hathaway Direct Ins Co,7.61e-05,0.0009404,0.0018071
2024,30104,91,Hartford Underwriters Ins Co,7.49e-05,2.71e-05,0.0001439
2024,27480,0,California Mut Ins Co,7.45e-05,0.0022491,0.0020855
2024,20346,626,Pacific Ind Co,6.91e-05,0.0001414,0.0001329
2024,21113,158,United States Fire Ins Co,6.7e-05,0.0004216,0.0014314
2024,11142,215,United Cas Ins Co Of Amer,6.27e-05,0.0,0.0
2024,19879,2538,Security Natl Ins Co,5.85e-05,0.0079527,0.0081201
2024,20796,69,21st Century Premier Ins Co,5.62e-05,0.0,0.0
2024,15580,140,Scottsdale Ind Co,5.58e-05,0.0009223,0.001501
2024,10048,0,Hyundai Marine & Fire Ins Co Ltd,5.04e-05,0.0,0.0
2024,42986,19,Standard Guar Ins Co,4.55e-05,0.0,0.0
2024,29459,91,Twin City Fire Ins Co Co,4.26e-05,0.0,5.23e-05
2024,13625,800,Western Mut Ins Co,4.1e-05,0.0,0.0
2024,24449,796,Regent Ins Co,4.05e-05,0.0024756,0.0037119
2024,11150,1279,Arch Ins Co,3.94e-05,0.0044147,0.0042565
2024,22551,4715,Mitsui Sumitomo Ins USA Inc,3.91e-05,0.0013699,0.0016119
2024,18767,4851,Church Mut Ins Co S I,3.87e-05,0.0076138,0.0080819
2024,28886,225,Transguard Ins Co Of Amer Inc,3.74e-05,0.0,0.0
2024,29874,181,Swiss Re Corp Solutions Amer Ins Co,3.02e-05,0.0,0.0
2024,38318,4670,Starr Ind & Liab Co,2.93e-05,0.0,2.02e-05
2024,24767,3548,St Paul Fire & Marine Ins Co,2.79e-05,0.0,0.0
2024,33499,0,Dorinco Reins Co,2.7e-05,0.0,0.0
2024,10120,1120,Everest Natl Ins Co,2.48e-05,0.0008267,0.0030132
2024,40142,212,American Zurich Ins Co,2.2e-05,0.0005491,0.001492
2024,20427,218,American Cas Co Of Reading PA,2.18e-05,0.0015043,0.0016583
2024,38776,5001,SiriusPoint Amer Ins Co,1.96e-05,0.0001598,0.0005319
2024,23809,12,Granite State Ins Co,1.68e-05,0.0007622,0.0011447
2024,25054,158,Hudson Ins Co,1.6e-05,0.0019446,0.0014451
2024,25011,2538,Wesco Ins Co,1.53e-05,0.0080355,0.0082972
2024,11908,660,Mercury Cas Co,1.46e-05,0.0109952,0.0121987
2024,26344,84,Great Amer Assur Co,1.42e-05,0.0044594,0.0043677
2024,31968,215,Merastar Ins Co,1.37e-05,0.0,0.0
2024,13714,775,Pharmacists Mut Ins Co,1.3e-05,0.0012906,0.0013555
2024,36927,457,Colony Specialty Ins Co,1.23e-05,0.0,0.0
2024,20303,626,Great Northern Ins Co,9.3e-06,0.0017983,0.0017465
2024,23841,12,New Hampshire Ins Co,7.6e-06,0.0001548,0.0001286
2024,29580,98,Berkley Regional Ins Co,7.3e-06,0.0006596,0.0012408
2024,11118,0,Federated Rural Electric Ins Exch,6.8e-06,0.0,0.0
2024,10847,306,Cumis Ins Society Inc,6.8e-06,0.0007345,0.0007595
2024,27855,212,Zurich Amer Ins Co Of IL,6.2e-06,5.8e-06,0.0005629
2024,10052,626,Chubb Natl Ins Co,5.5e-06,0.0,1.44e-05
2024,20494,218,Transportation Ins Co,5.4e-06,0.0019983,0.0022109
2024,10915,215,Unitrin Direct Prop & Cas Co,5.2e-06,0.0,0.0
2024,20478,218,National Fire Ins Co Of Hartford,5.1e-06,0.0029544,0.0054717
2024,35408,4381,Imperium Ins Co,4e-06,0.0,0.0
2024,16608,256,New York Marine & Gen Ins Co,3.4e-06,0.0006575,0.0025995
2024,23396,124,Amerisure Mut Ins Co,3.2e-06,5.8e-06,0.00026
2024,40045,98,Starnet Ins Co,2.7e-06,0.0008407,0.0010777
2024,38733,4485,Alaska Natl Ins Co,2.7e-06,1.55e-05,2.08e-05
2024,12777,626,Chubb Ind Ins Co,2.6e-06,3.5e-06,2.3e-06
2024,19720,361,American Alt Ins Corp,2.2e-06,0.0025398,0.0030355
2024,21326,212,Empire Fire & Marine Ins Co,1.9e-06,0.0,0.0
2024,20109,150,BITCO Natl Ins Co,1.6e-06,0.0,0.0
2024,32603,98,Berkley Ins Co,1.2e-06,0.0,0.0
2024,23779,140,Nationwide Mut Fire Ins Co,1.1e-06,0.0,0.0
2024,28665,244,The Cincinnati Cas Co,1.1e-06,3.2e-06,2.1e-06
2024,14559,303,GuideOne Specialty Ins Co,1.1e-06,0.0006984,0.0007149
2024,29424,91,Hartford Cas Ins Co,9e-07,0.0001516,0.0004717
2024,15032,303,GuideOne Ins Co,9e-07,0.0031658,0.004194
2024,35181,626,Executive Risk Ind Inc,8e-07,0.0,0.0
2024,19269,4987,Incline Natl Ins Co,8e-07,0.0,0.0
2024,42376,2538,Technology Ins Co Inc,6e-07,0.0001785,0.0002009
2024,20095,150,BITCO Gen Ins Corp,5e-07,4.4e-06,0.0001979
2024,32859,920,Penn Amer Ins Co,5e-07,4.32e-05,9.35e-05
2024,21172,84,Vanliner Ins Co,4e-07,6.44e-05,7.04e-05
2024,23663,4935,National Amer Ins Co,4e-07,0.0,0.0
2024,23280,244,The Cincinnati Ind Co,2e-07,0.0,3.4e-06
2024,32107,0,Sutter Ins Co,1e-07,0.0,0.0
2024,35416,31,Us Underwriters Ins Co,1e-07,0.0,0.0
2024,32620,84,National Interstate Ins Co,1e-07,0.0001837,0.0001248
2024,25224,98,Great Divide Ins Co,1e-07,0.0003785,0.000524
2024,41998,361,American Southern Home Ins Co,1e-07,0.0006631,0.0008109
2024,25780,572,Williamsburg Natl Ins Co,1e-07,1.08e-05,7e-06
2024,20370,3416,AXIS Reins Co,1e-07,0.0,0.0
2024,15900,4857,US Coastal Prop & Cas Ins Co,1e-07,0.0,0.0
2024,10830,0,Business Alliance Ins Co,0.0,0.0008946,0.0010573
2024,11231,0,Generali Us Branch,0.0,3e-07,2.3e-06
2024,13528,0,Brotherhood Mut Ins Co,0.0,0.0058704,0.0057279
2024,37800,0,Kookmin Best Ins Co Ltd,0.0,0.0011903,0.0034341
2024,38300,0,Samsung Fire & Marine Ins Co Ltd,0.0,9.9e-06,1.64e-05
2024,40975,0,Dentists Ins Co,0.0,0.0049781,0.0032765
2024,19445,12,National Union Fire Ins Co of Pittsb,0.0,0.0116017,0.0086412
2024,26611,12,Blackboard Ins Co,0.0,0.0006153,0.0008143
2024,22276,31,Berkshire Hathaway Specialty Ins Co,0.0,0.0004458,0.0009491
2024,22136,84,Great Amer Ins Co of NY,0.0,0.0037035,0.0031471
2024,26832,84,Great Amer Alliance Ins Co,0.0,0.0055902,0.0040996
2024,33723,84,Great Amer Spirit Ins Co,0.0,2.3e-06,1.7e-06
2024,10815,88,Verlan Fire Ins Co MD,0.0,0.0031026,0.0
2024,22292,88,Hanover Ins Co,0.0,0.0078491,0.0
2024,22306,88,Massachusetts Bay Ins Co,0.0,0.0094803,0.0
2024,31534,88,Citizens Ins Co Of Amer,0.0,0.0053548,0.0
2024,36064,88,Hanover Amer Ins Co,0.0,0.0022173,0.0
2024,42552,88,Nova Cas Co,0.0,0.0026999,0.0
2024,22357,91,Hartford Accident & Ind Co,0.0,9.6e-06,0.0010388
2024,37478,91,Hartford Ins Co Of The Midwest,0.0,2e-06,0.0009255
2024,42307,91,Navigators Ins Co,0.0,0.0006056,0.0007863
2024,10749,98,Intrepid Ins Co,0.0,0.0005269,0.0015214
2024,36684,98,Riverport Ins Co,0.0,1.34e-05,2.47e-05
2024,44318,98,Admiral Ind Co,0.0,3.35e-05,5.16e-05
2024,10836,111,Golden Eagle Ins Corp,0.0,0.0,4e-07
2024,24066,111,American Fire & Cas Co,0.0,0.0023132,0.002453
2024,22209,140,Freedom Specialty Ins Co,0.0,0.0,0.0
2024,23582,140,Harleysville Ins Co,0.0,0.0,0.0
2024,42587,140,Depositors Ins Co,0.0,0.0,0.0010163
2024,12262,150,Pennsylvania Manufacturers Assoc Ins,0.0,0.0011964,0.0014618
2024,36897,150,Manufacturers Alliance Ins Co,0.0,0.0006024,0.0005708
2024,41424,150,Pennsylvania Manufacturers Ind Co,0.0,5.13e-05,0.0001144
2024,13269,158,Zenith Ins Co,0.0,0.0137347,0.0
2024,16624,158,Allied World Specialty Ins Co,0.0,0.0006296,0.0012053
2024,19489,158,Allied World Assur Co US Inc,0.0,5.22e-05,4e-05
2024,22730,158,Allied World Ins Co,0.0,6.4e-06,7.4e-06
2024,44768,158,Vantapro Specialty Ins Co,0.0,0.0002152,0.0004196
2024,18031,161,Topa Ins Co,0.0,0.0029235,0.0025349
2024,25976,201,Utica Mut Ins Co,0.0,1.63e-05,1.81e-05
2024,25984,201,Graphic Arts Mut Ins Co,0.0,2.9e-06,2.1e-06
2024,20508,218,Valley Forge Ins Co,0.0,0.0042765,0.0082254
2024,26433,225,Harco Natl Ins Co,0.0,0.0,0.0
2024,23540,280,Monterey Ins Co,0.0,0.0029323,0.003362
2024,11452,361,Hartford Steam Boil Inspec & Ins Co,0.0,3.2e-06,2.1e-06
2024,23450,361,American Family Home Ins Co,0.0,0.0001907,0.0003435
2024,19801,457,Argonaut Ins Co,0.0,0.0002035,0.0006316
2024,19860,457,Argonaut Great Central Ins Co,0.0,0.0,7e-06
2024,27138,473,Midvale Ind Co,0.0,0.00054,0.0006647
2024,12254,517,Glencar Ins Co,0.0,0.0,2e-07
2024,18023,572,Star Ins Co,0.0,0.0014233,0.0013454
2024,21903,572,Procentury Ins Co,0.0,6e-07,9e-07
2024,10030,626,Westchester Fire Ins Co,0.0,0.0,0.0
2024,20699,626,Ace Prop & Cas Ins Co,0.0,0.0023281,0.0027723
2024,20702,626,Ace Fire Underwriters Ins Co,0.0,0.0016673,0.0017386
2024,43575,626,Indemnity Ins Co Of North Amer,0.0,0.0034743,0.0007198
2024,31046,660,California Gen Underwriters Ins Co,0.0,0.004734,0.0065085
2024,21849,761,American Automobile Ins Co,0.0,0.0002668,0.0005899
2024,22810,761,Chicago Ins Co,0.0,0.0004782,0.0004647
2024,22837,761,AGCS Marine Ins Co,0.0,0.003579,0.0023253
2024,36420,761,Allianz Underwriters Ins Co,0.0,0.0,0.0
2024,13056,783,RLI Ins Co,0.0,0.0001143,0.0011891
2024,37206,783,Contractors Bonding & Ins Co,0.0,5.16e-05,0.0015641
2024,22608,785,National Specialty Ins Co,0.0,0.0,2e-07
2024,38970,785,Markel Ins Co,0.0,0.0016105,0.0024509
2024,42048,920,Diamond State Ins Co,0.0,0.0001843,0.0001261
2024,27847,922,Insurance Co Of The West,0.0,0.0,0.0
2024,25585,1279,Watford Ins Co,0.0,0.0,3.4e-06
2024,18058,3098,Philadelphia Ind Ins Co,0.0,0.0416123,0.0477914
2024,29599,3098,US Specialty Ins Co,0.0,0.0,9.74e-05
2024,32301,3098,TNUS Ins Co,0.0,5.2e-06,3.64e-05
2024,41238,3098,Trans Pacific Ins Co,0.0,0.0001537,0.0002047
2024,19038,3548,Travelers Cas & Surety Co,0.0,5.2e-06,1.7e-06
2024,19046,3548,Travelers Cas Ins Co Of Amer,0.0,0.0,0.0363983
2024,25682,3548,Travelers Ind Co Of CT,0.0,0.0204233,0.0176248
2024,36161,3548,Travelers Prop Cas Ins Co,0.0,0.0,0.0
2024,10069,4359,Housing Authority Prop A Mut Co,0.0,0.0011623,0.0007546
2024,11206,4359,Housing Enterprise Ins Co Inc,0.0,0.0009911,0.0006422
2024,10200,4666,Hiscox Ins Co Inc,0.0,0.0020543,0.0017915
2024,19615,4761,American Reliable Ins Co,0.0,5.69e-05,0.0002175
2024,15563,4794,Clear Spring Prop & Cas Co,0.0,3.41e-05,0.0001158
2024,41394,4886,Benchmark Ins Co,0.0,1.78e-05,3.93e-05
2024,14354,4889,Jewelers Mut Ins Co S I,0.0,0.0,0.0005278
2024,23752,4908,Ascot Ins Co,0.0,0.0001607,0.0001042
2024,16217,4928,National Farmers Union Prop & Cas,0.0,0.0001496,0.0001777
2024,22225,4969,Trisura Ins Co,0.0,5e-06,3.2e-06
2024,20338,4977,Palomar Specialty Ins Co,0.0,0.0,0.0
2024,25496,4990,StarStone Natl Ins Co,0.0,3e-07,2e-07
2024,40550,5034,Lio Ins Co,0.0,0.0005622,0.0005525
2025,25151,176,State Farm Gen Ins Co,0.181834,0.0957285,0.129379
2025,15539,1278,CSAA Ins Exch,0.0621505,0.0,0.0
2025,38342,660,California Automobile Ins Co,0.0583065,0.0,0.0
2025,15598,1318,Interins Exch Of The Automobile Club,0.0546834,0.0,0.0
2025,21660,69,Fire Ins Exch,0.0542506,0.0703413,0.0009693
2025,21652,69,Farmers Ins Exch,0.0423257,0.008514,0.1080659
2025,19232,8,Allstate Ins Co,0.0351074,0.0118998,0.0165179
2025,19070,3548,Standard Fire Ins Co,0.0318593,0.0,0.0
2025,23787,140,Nationwide Mut Ins Co,0.0263936,0.0196557,0.0104759
2025,25941,200,United Serv Automobile Assn,0.0249577,0.0,0.0
2025,24740,111,Safeco Ins Co Of Amer,0.0230677,0.0016931,0.0005848
2025,24732,111,General Ins Co Of Amer,0.0217976,5.7e-06,3.9e-06
2025,25968,200,USAA Cas Ins Co,0.0217133,0.0,0.0
2025,21687,69,Mid Century Ins Co,0.0203162,0.0013279,0.0259516
2025,11185,69,Foremost Ins Co Grand Rapids MI,0.0197611,0.0,0.0
2025,42404,111,Liberty Ins Corp,0.01948,0.0,0.0
2025,37850,2898,Pacific Specialty Ins Co,0.0188822,0.0,0.0
2025,21482,65,Factory Mut Ins Co,0.0178596,0.0,0.0
2025,25798,5065,Sutton National Ins Co,0.014583,0.0,0.0
2025,13927,473,Homesite Ins Co Of The Midwest,0.00982,0.0,0.0
2025,18600,200,USAA Gen Ind Co,0.0094968,0.0,0.0
2025,29068,473,American Family Connect Prop & Cas I,0.0092965,0.0,0.0
2025,42722,361,American Modern Prop & Cas Ins Co,0.0092906,0.0,0.0
2025,10014,65,Affiliated Fm Ins Co,0.0091809,0.0,0.0
2025,11005,473,Homesite Ins Co Of CA,0.0077061,0.0,0.0
2025,42978,19,American Security Ins Co,0.007554,0.0,0.0
2025,10921,1278,CSAA Fire & Cas Ins Co,0.0075424,0.0,0.0
2025,16023,5032,Lemonade Ins Co,0.0075221,0.0,0.0
2025,12873,3098,Privilege Underwriters Recp Exch,0.0073839,0.0,0.0
2025,25180,4869,Stillwater Ins Co,0.007363,0.0021215,0.0037635
2025,24376,5010,Spinnaker Ins Co,0.0073227,0.0014067,0.0044331
2025,21253,200,Garrison Prop & Cas Ins Co,0.0071601,0.0,8.9e-06
2025,13544,280,California Capital Ins Co,0.0062637,0.0316739,0.0525144
2025,39012,111,Safeco Ins Co Of IL,0.0058256,0.0,0.0
2025,29742,8,Integon Natl Ins Co,0.0054406,0.0079084,0.0083641
2025,20117,33,California Cas Ind Exch,0.0053031,0.0,0.0
2025,16535,212,Zurich Amer Ins Co,0.0051236,0.0352529,0.0039117
2025,14042,155,ASI Select Ins Corp,0.0050721,0.0,0.0
2025,19976,28,Amica Mut Ins Co,0.0050138,0.0,0.0
2025,24724,111,First Natl Ins Co Of Amer,0.004928,0.0,0.0
2025,20281,626,Federal Ins Co,0.0045563,0.0,0.0164048
2025,10111,19,American Bankers Ins Co Of FL,0.0045522,0.0,0.0
2025,19380,12,American Home Assur Co,0.004472,1.52e-05,7.23e-05
2025,15776,800,Residence Mut Ins Co,0.0042858,0.0,0.0
2025,18953,323,CSE Safeguard Ins Co,0.0041824,0.0,0.0
2025,34690,91,Property & Cas Ins Co Of Hartford,0.0040749,4e-06,1.7e-05
2025,42390,31,Amguard Ins Co,0.0040657,0.0,0.0379875
2025,28401,408,American Natl Prop & Cas Co,0.0039079,0.0010757,0.0015952
2025,12502,4672,DB Ins Co Ltd (US Branch),0.0037299,0.0,0.0083317
2025,10683,0,Wawanesa Gen Ins Co,0.0036839,0.0,0.0
2025,10358,8,Encompass Ins Co,0.0034251,0.0,0.0
2025,39217,796,QBE Ins Corp,0.0031104,0.0010533,0.0002024
2025,10677,244,The Cincinnati Ins Co,0.0030731,0.0002376,0.0001708
2025,18961,140,Crestbrook Ins Co,0.0028875,0.0013829,0.0
2025,25321,69,Farmers Direct Prop & Cas Ins Co,0.0028451,0.0,0.0
2025,10759,71,Universal N Amer Ins Co,0.0028327,0.0,0.0
2025,10914,215,Kemper Independence Ins Co,0.0027443,0.0,0.0
2025,18279,626,Bankers Standard Ins Co,0.002093,0.0,0.0
2025,41343,517,HDI Global Ins Co,0.0020798,0.0001359,0.0005274
2025,16578,4869,Stillwater Prop & Cas Ins Co,0.0020205,0.0,0.0
2025,33898,313,Aegis Security Ins Co,0.0019041,0.0,0.0
2025,22578,300,Horace Mann Ins Co,0.0018213,0.0,0.0
2025,20362,4715,Mitsui Sumitomo Ins Co of Amer,0.001702,0.0046489,0.0061982
2025,10693,323,Civil Serv Employees Ins Co,0.0016428,0.0,0.0
2025,27120,91,Trumbull Ins Co,0.001618,0.0,2.02e-05
2025,22713,626,Insurance Co of N Amer,0.0015917,8.6e-06,0.0
2025,22748,626,Pacific Employers Ins Co,0.0015317,0.0,0.0032817
2025,22667,626,Ace Amer Ins Co,0.001326,0.0507655,0.0004387
2025,23035,111,Liberty Mut Fire Ins Co,0.0013099,0.0107433,0.0
2025,10970,4718,Response Ind Co Of CA,0.0011545,0.005258,0.0
2025,10945,3098,Tokio Marine Amer Ins Co,0.0011443,0.0089276,0.0
2025,11800,69,Foremost Prop & Cas Ins Co,0.0011191,0.0,0.0
2025,25895,31,United States Liab Ins Co,0.0010903,0.0,0.0
2025,22101,83,Grange Ins Assn,0.001079,0.0030459,0.0
2025,23876,411,Mapfre Ins Co,0.0010112,0.0,0.0
2025,11000,91,Sentinel Ins Co Ltd,0.0009859,0.0201063,0.049317
2025,26905,8,Century Natl Ins Co,0.0008954,0.0,0.0
2025,19429,12,Insurance Co Of The State Of PA,0.0008353,0.0016601,0.0017445
2025,28860,4850,Clear Blue Ins Co,0.0007001,0.0,0.0
2025,28932,785,Markel Amer Ins Co,0.00067,0.0008948,0.0010422
2025,16063,215,Unitrin Auto & Home Ins Co,0.0006453,0.0,0.0
2025,37257,796,Praetorian Ins Co,0.0005775,0.0,0.0
2025,23469,361,American Modern Home Ins Co,0.0005661,0.0,0.0
2025,28223,140,Nationwide Agribusiness Ins Co,0.0005633,0.0230656,0.0020344
2025,22756,300,Horace Mann Prop & Cas Ins Co,0.0005255,0.0,0.0
2025,22012,79,Motors Ins Corp,0.0003397,0.0,0.0
2025,14907,645,Oregon Mut Ins Co,0.0003358,0.0075905,0.0103066
2025,12831,785,State Natl Ins Co Inc,0.0003071,0.0,0.0003003
2025,10391,31,Berkshire Hathaway Direct Ins Co,0.0002929,0.0024629,0.0067208
2025,11991,140,National Cas Co,0.0002755,0.0009751,1.01e-05
2025,12890,280,Eagle W Ins Co,0.0002676,2.26e-05,3.1e-05
2025,41459,0,Armed Forces Ins Exch,0.000241,0.0,0.0
2025,39306,212,Fidelity & Deposit Co Of MD,0.0002244,0.0023689,0.0001973
2025,21261,350,Electric Ins Co,0.0001863,0.0,0.0
2025,19269,4987,Incline Natl Ins Co,0.0001667,0.0,0.0
2025,27480,0,California Mut Ins Co,0.0001107,0.0032505,0.0047792
2025,18058,3098,Philadelphia Ind Ins Co,0.0001097,0.0356805,5.98e-05
2025,20796,69,21st Century Premier Ins Co,9.95e-05,0.0,0.0
2025,10120,1120,Everest Natl Ins Co,9.39e-05,0.0010247,0.0044935
2025,18767,4851,Church Mut Ins Co S I,9.39e-05,0.0097763,0.0047105
2025,10048,0,Hyundai Marine & Fire Ins Co Ltd,8.47e-05,0.0,0.0
2025,10004,313,Seaview Ins Co,8.18e-05,0.0,0.0
2025,30104,91,Hartford Underwriters Ins Co,7.59e-05,0.0058731,0.0113729
2025,19240,8,Allstate Ind Co,7.2e-05,0.0,0.0
2025,13722,1316,Knightbrook Ins Co,7.08e-05,0.0,0.0
2025,42986,19,Standard Guar Ins Co,6.7e-05,0.0,0.0
2025,20397,626,Vigilant Ins Co,5.89e-05,0.000166,0.0006503
2025,11142,215,United Cas Ins Co Of Amer,5.73e-05,0.0,0.0
2025,25054,158,Hudson Ins Co,5.63e-05,0.0020625,0.0002875
2025,15580,140,Scottsdale Ind Co,5.47e-05,0.0006423,0.0006568
2025,20303,626,Great Northern Ins Co,5.22e-05,0.0008607,0.0009425
2025,22551,4715,Mitsui Sumitomo Ins USA Inc,4.69e-05,0.0013113,0.0023469
2025,20346,626,Pacific Ind Co,4.41e-05,0.0,7.71e-05
2025,19682,91,Hartford Fire Ins Co,4.33e-05,0.0147359,0.0107116
2025,13625,800,Western Mut Ins Co,4.18e-05,0.0,0.0
2025,28886,225,Transguard Ins Co Of Amer Inc,3.76e-05,1.2e-05,1.31e-05
2025,29459,91,Twin City Fire Ins Co Co,3.21e-05,2.69e-05,5.65e-05
2025,19879,2538,Security Natl Ins Company,3.13e-05,0.0085235,0.0058619
2025,23809,12,Granite State Ins Co,3.07e-05,0.0004706,0.0012547
2025,33499,0,Dorinco Reins Co,2.96e-05,0.0,0.0
2025,20052,31,National Liab & Fire Ins Co,2.6e-05,0.0,0.0
2025,11150,1279,Arch Ins Co,2.42e-05,0.0039427,0.0069952
2025,25011,2538,Wesco Ins Co,2.36e-05,0.0092624,0.0099102
2025,41998,361,American Southern Home Ins Co,1.98e-05,0.0007919,0.0017526
2025,36927,408,Colony Specialty Ins Co,1.84e-05,0.0,0.0
2025,23248,225,Occidental Fire & Cas Co Of NC,1.47e-05,0.0,3e-07
2025,31968,215,Merastar Ins Co,1.22e-05,0.0,0.0
2025,10847,306,Cumis Ins Society Inc,1.15e-05,0.0007942,0.0004512
2025,13714,775,Pharmacists Mut Ins Co,7.4e-06,0.0015205,0.0025701
2025,19445,12,National Union Fire Ins Co of Pittsb,5.7e-06,0.0171309,0.0191424
2025,10052,626,Chubb Natl Ins Co,5.5e-06,0.0001341,7.92e-05
2025,38776,5001,SiriusPoint Amer Ins Co,5.3e-06,4.9e-06,1.93e-05
2025,16608,256,New York Marine & Gen Ins Co,5e-06,0.0006538,0.0
2025,29424,91,Hartford Cas Ins Co,4.4e-06,0.0001146,0.0006509
2025,10915,215,Unitrin Direct Prop & Cas Co,4.4e-06,0.0,0.0
2025,23841,12,New Hampshire Ins Co,4.2e-06,0.0002124,0.0003071
2025,38733,4485,Alaska Natl Ins Co,3.4e-06,2.81e-05,3.57e-05
2025,23396,124,Amerisure Mut Ins Co,3.1e-06,9.2e-06,0.0002235
2025,10030,626,Westchester Fire Ins Co,2.8e-06,0.0002115,8.69e-05
2025,12777,626,Chubb Ind Ins Co,2e-06,0.0005532,0.000186
2025,28665,244,The Cincinnati Cas Co,1.8e-06,4.3e-06,4.2e-06
2025,38970,785,Markel Ins Co,1.6e-06,0.0018461,0.0043694
2025,19518,968,Catlin Ins Co,1.3e-06,0.0,0.0
2025,20095,150,BITCO Gen Ins Corp,1e-06,9.2e-06,0.0005827
2025,23450,361,American Family Home Ins Co,1e-06,0.0001485,0.0004729
2025,35181,626,Executive Risk Ind Inc,9e-07,0.0,0.0
2025,23280,244,The Cincinnati Ind Co,8e-07,3.04e-05,6.2e-06
2025,10318,69,Exact Prop & Cas Co Inc,7e-07,0.0,0.0
2025,42376,2538,Technology Ins Co Inc,5e-07,8.34e-05,0.000153
2025,36137,3548,Travelers Commercial Ins Co,5e-07,0.0,0.0
2025,23663,4935,National Amer Ins Co,2e-07,0.0,0.0
2025,35416,31,Us Underwriters Ins Co,1e-07,0.0,0.0
2025,14559,303,GuideOne Specialty Ins Co,1e-07,0.0001063,0.0002589
2025,25780,572,Williamsburg Natl Ins Co,1e-07,1.06e-05,1.1e-05
2025,36161,3548,Travelers Prop Cas Ins Co,1e-07,0.0,0.0
2025,10830,0,Business Alliance Ins Co,0.0,0.0012041,0.0022829
2025,11118,0,Federated Rural Electric Ins Exch,0.0,2.18e-05,0.0
2025,13528,0,Brotherhood Mut Ins Co,0.0,0.0064859,0.0032534
2025,37800,0,Kookmin Best Ins Co Ltd,0.0,0.0,0.0
2025,38300,0,Samsung Fire & Marine Ins Co Ltd,0.0,6e-06,1.67e-05
2025,39861,0,Golden Bear Ins Co,0.0,0.0008369,0.004531
2025,40975,0,Dentists Ins Co,0.0,0.0,0.0057027
2025,13935,7,Federated Mut Ins Co,0.0,0.0048407,0.0040688
2025,28304,7,Federated Serv Ins Co,0.0,0.0007057,6e-06
2025,16217,8,National Farmers Union Prop & Cas,0.0,2.01e-05,4.55e-05
2025,22276,31,Berkshire Hathaway Specialty Ins Co,0.0,0.0005578,0.0014571
2025,22314,31,RSUI Ind Co,0.0,0.0003465,0.0
2025,21415,62,Employers Mut Cas Co,0.0,0.0025893,0.0009934
2025,10315,69,Civic Prop & Cas Co,0.0,0.0,0.0
2025,10317,69,Neighborhood Spirit Prop & Cas Co,0.0,0.0,0.0
2025,21709,69,Truck Ins Exch,0.0,0.0036317,0.0523427
2025,16691,84,Great Amer Ins Co,0.0,0.0055249,6.01e-05
2025,21172,84,Vanliner Ins Co,0.0,7.19e-05,0.0001179
2025,22136,84,Great Amer Ins Co of NY,0.0,0.0019751,0.0
2025,26344,84,Great Amer Assur Co,0.0,0.0052061,0.0
2025,26832,84,Great Amer Alliance Ins Co,0.0,0.0052956,0.0
2025,32620,84,National Interstate Ins Co,0.0,0.0002078,0.0002306
2025,33723,84,Great Amer Spirit Ins Co,0.0,0.0,3.6e-06
2025,10815,88,Verlan Fire Ins Co MD,0.0,0.0032247,0.0
2025,22292,88,Hanover Ins Co,0.0,0.007217,0.0067839
2025,22306,88,Massachusetts Bay Ins Co,0.0,0.0042113,0.0109429
2025,31534,88,Citizens Ins Co Of Amer,0.0,0.0018484,0.0070639
2025,36064,88,Hanover Amer Ins Co,0.0,0.0014913,0.0006294
2025,41840,88,Allmerica Fin Benefit Ins Co,0.0,5.4e-06,0.0004098
2025,42552,88,Nova Cas Co,0.0,0.0027283,0.0
2025,22357,91,Hartford Accident & Ind Co,0.0,3.7e-06,0.001774
2025,37478,91,Hartford Ins Co Of The Midwest,0.0,0.0,0.0011687
2025,42307,91,Navigators Ins Co,0.0,0.0,0.0021603
2025,10749,98,Intrepid Ins Co,0.0,0.000845,0.0
2025,25224,98,Great Divide Ins Co,0.0,0.0003832,0.0004351
2025,29580,98,Berkley Regional Ins Co,0.0,0.000875,0.0003771
2025,32603,98,Berkley Ins Co,0.0,2.6e-06,0.0
2025,36684,98,Riverport Ins Co,0.0,3.84e-05,3.96e-05
2025,38911,98,Berkley Natl Ins Co,0.0,0.0017759,0.0008994
2025,40045,98,Starnet Ins Co,0.0,0.0007163,0.0007562
2025,44318,98,Admiral Ind Co,0.0,4.21e-05,0.0
2025,21458,111,Employers Ins Co of Wausau,0.0,0.0102457,0.0
2025,23043,111,Liberty Mut Ins Co,0.0,0.0105195,0.0
2025,24066,111,American Fire & Cas Co,0.0,0.0019616,0.000886
2025,24074,111,Ohio Cas Ins Co,0.0,0.0049906,0.006241
2025,24082,111,Ohio Security Ins Co,0.0,0.022642,0.0256174
2025,44393,111,West Amer Ins Co,0.0,0.0181782,0.0133868
2025,19100,140,Amco Ins Co,0.0,0.000771,0.0269125
2025,22209,140,Freedom Specialty Ins Co,0.0,0.0,0.0
2025,23582,140,Harleysville Ins Co,0.0,0.0,0.0
2025,23760,140,Nationwide Gen Ins Co,0.0,0.0003133,0.0011464
2025,25453,140,Nationwide Ins Co Of Amer,0.0,0.0003462,0.0016645
2025,42579,140,Allied Prop & Cas Ins Co,0.0,0.0,0.0
2025,42587,140,Depositors Ins Co,0.0,0.0,0.0014196
2025,12262,150,Pennsylvania Manufacturers Assoc Ins,0.0,0.0001318,0.0
2025,20109,150,BITCO Natl Ins Co,0.0,1.1e-06,1.13e-05
2025,36897,150,Manufacturers Alliance Ins Co,0.0,5.65e-05,0.0
2025,41424,150,Pennsylvania Manufacturers Ind Co,0.0,1.95e-05,0.0
2025,10936,158,Seneca Ins Co Inc,0.0,0.0054019,0.0014752
2025,13269,158,Zenith Ins Co,0.0,0.0101434,0.0
2025,16624,158,Allied World Specialty Ins Co,0.0,0.0002459,0.0002756
2025,21105,158,North River Ins Co,0.0,0.0010126,0.0001375
2025,21113,158,United States Fire Ins Co,0.0,0.0010244,0.0017951
2025,22730,158,Allied World Ins Co,0.0,0.0,0.0
2025,44768,158,Vantapro Specialty Ins Co,0.0,0.0001442,0.0005232
2025,18031,161,Topa Ins Co,0.0,0.0014041,0.0018767
2025,13978,169,Florists Mut Ins Co,0.0,0.0011843,0.0
2025,21180,169,Sentry Select Ins Co,0.0,0.0003127,0.0
2025,23434,169,Middlesex Ins Co,0.0,0.0022136,0.0
2025,24988,169,Sentry Ins Co,0.0,0.0017372,0.0002863
2025,29700,181,Swiss Re Corp Solutions Elite Ins Co,0.0,0.0075358,0.0001342
2025,29874,181,Swiss Re Corp Solutions Amer Ins Co,0.0,0.0001556,0.0
2025,39845,181,Westport Ins Corp,0.0,0.0002193,0.0
2025,25976,201,Utica Mut Ins Co,0.0,2.24e-05,2.74e-05
2025,25984,201,Graphic Arts Mut Ins Co,0.0,3.2e-06,3.6e-06
2025,21326,212,Empire Fire & Marine Ins Co,0.0,4.9e-06,0.0
2025,26247,212,American Guar & Liab Ins,0.0,0.0057496,0.0013333
2025,27855,212,Zurich Amer Ins Co Of IL,0.0,8.74e-05,0.0010898
2025,40142,212,American Zurich Ins Co,0.0,0.0008103,0.0017606
2025,20427,218,American Cas Co Of Reading PA,0.0,0.0026498,8.87e-05
2025,20443,218,Continental Cas Co,0.0,0.0071933,0.0111161
2025,20478,218,National Fire Ins Co Of Hartford,0.0,0.0030708,0.00023
2025,20494,218,Transportation Ins Co,0.0,0.001366,0.0014458
2025,20508,218,Valley Forge Ins Co,0.0,0.0023626,0.0042337
2025,35289,218,Continental Ins Co,0.0,0.0040184,0.0
2025,26433,225,Harco Natl Ins Co,0.0,0.0,0.0
2025,36560,225,SafePort Ins Co,0.0,0.0,0.0
2025,14974,246,Pennsylvania Lumbermens Mut Ins,0.0,0.0040195,0.0
2025,13021,248,United Fire & Cas Co,0.0,0.0024847,8.63e-05
2025,31453,248,Financial Pacific Ins Co,0.0,0.0005297,0.001569
2025,23540,280,Monterey Ins Co,0.0,0.0040161,0.0069395
2025,15032,303,GuideOne Ins Co,0.0,0.0044042,0.0002033
2025,11452,361,Hartford Steam Boil Inspec & Ins Co,0.0,1.7e-06,0.0
2025,19720,361,American Alt Ins Corp,0.0,0.0030568,5.4e-06
2025,19801,408,Argonaut Ins Co,0.0,0.0001112,0.0005881
2025,27138,473,Midvale Ind Co,0.0,0.0019378,0.0054042
2025,12254,517,Glencar Ins Co,0.0,1.4e-06,4.08e-05
2025,18023,572,Star Ins Co,0.0,0.0022308,0.0033903
2025,21903,572,Procentury Ins Co,0.0,6e-07,1.5e-06
2025,20699,626,Ace Prop & Cas Ins Co,0.0,0.0,0.0039861
2025,20702,626,Ace Fire Underwriters Ins Co,0.0,0.0,0.0015687
2025,43575,626,Indemnity Ins Co Of North Amer,0.0,0.0034658,0.0004958
2025,11908,660,Mercury Cas Co,0.0,0.0,0.0081558
2025,31046,660,California Gen Underwriters Ins Co,0.0,0.0,0.0203665
2025,21849,761,American Automobile Ins Co,0.0,0.0002901,0.0
2025,21873,761,Firemans Fund Ins Co,0.0,0.0256263,0.0
2025,21881,761,National Surety Corp,0.0,4.6e-06,0.0
2025,22810,761,Chicago Ins Co,0.0,0.0,0.0006315
2025,22837,761,AGCS Marine Ins Co,0.0,0.003628,0.0037671
2025,35300,761,Allianz Global Risks US Ins Co,0.0,0.0207199,0.0
2025,36420,761,Allianz Underwriters Ins Co,0.0,1.1e-06,0.0
2025,13056,783,RLI Ins Co,0.0,0.0006612,0.0022219
2025,37206,783,Contractors Bonding & Ins Co,0.0,4.96e-05,0.0027189
2025,22608,785,National Specialty Ins Co,0.0,1.61e-05,1.73e-05
2025,24414,796,General Cas Co Of WI,0.0,0.0038152,0.0004033
2025,24449,796,Regent Ins Co,0.0,0.001724,0.0012214
2025,32859,920,Penn Amer Ins Co,0.0,0.0,9e-07
2025,42048,920,Diamond State Ins Co,0.0,0.0004715,0.0005149
2025,22322,968,Greenwich Ins Co,0.0,0.0035724,0.0006068
2025,24554,968,XL Ins Amer Inc,0.0,0.0069172,0.0
2025,37885,968,XL Specialty Ins Co,0.0,0.0007102,0.0
2025,29599,3098,US Specialty Ins Co,0.0,0.0,0.0001244
2025,32301,3098,TNUS Ins Co,0.0,0.0,0.0
2025,41238,3098,Trans Pacific Ins Co,0.0,5.45e-05,0.0
2025,11126,3219,Sompo Amer Ins Co,0.0,0.0120299,0.0
2025,37273,3416,Axis Ins Co,0.0,0.0004514,0.0
2025,15884,3494,Falls Lake Fire & Cas Co,0.0,0.0002479,0.0
2025,19038,3548,Travelers Cas & Surety Co,0.0,0.0,0.0
2025,19046,3548,Travelers Cas Ins Co Of Amer,0.0,0.0,0.0708536
2025,24767,3548,St Paul Fire & Marine Ins Co,0.0,2.78e-05,0.0
2025,25674,3548,Travelers Prop Cas Co Of Amer,0.0,0.0886052,0.0157322
2025,25682,3548,Travelers Ind Co Of CT,0.0,0.0273726,0.0130651
2025,26379,4234,Accredited Surety & Cas Co Inc,0.0,0.0039456,0.0034209
2025,10069,4359,Housing Authority Prop A Mut Co,0.0,0.0011929,0.0012434
2025,11206,4359,Housing Enterprise Ins Co Inc,0.0,0.0013981,0.0014532
2025,35408,4381,Imperium Ins Co,0.0,1.38e-05,0.0
2025,10200,4666,Hiscox Ins Co Inc,0.0,0.0025566,0.0035492
2025,38318,4670,Starr Ind & Liab Co,0.0,0.0014732,1.07e-05
2025,43460,4734,Aspen Amer Ins Co,0.0,0.0,3.12e-05
2025,19615,4761,American Reliable Ins Co,0.0,5.02e-05,0.0003241
2025,15563,4794,Clear Spring Prop & Cas Co,0.0,5.45e-05,0.0009142
2025,41394,4886,Benchmark Ins Co,0.0,1.46e-05,4.88e-05
2025,14354,4889,Jewelers Mut Ins Co S I,0.0,0.0,0.001027
2025,27154,4904,Atlantic Specialty Ins Co,0.0,0.0038109,0.0
2025,23752,4908,Ascot Ins Co,0.0,0.0001642,0.0001711
2025,22225,4969,Trisura Ins Co,0.0,6.3e-06,6.5e-06
2025,10220,4997,Accelerant Natl Ins Co,0.0,0.0076725,0.0
2025,40550,5034,Lio Ins Co,0.0,0.0004792,0.0009991
2025,21857,5037,The Pie Ins Co,0.0,2.9e-06,1.01e-05
2025,38148,5049,Granada Ind Co,0.0,0.0027217,0.0
2026,25151,176,State Farm Gen Ins Co,0.1913643,0.003999,0.1416987
2026,21660,69,Fire Ins Exch,0.064521,0.0754291,0.0010819
2026,15539,1278,CSAA Ins Exch,0.0626113,0.0,0.0
2026,38342,660,California Automobile Ins Co,0.062309,0.0,0.0
2026,15598,1318,Interins Exch Of The Automobile Club,0.0527656,0.0,0.0
2026,21652,69,Farmers Ins Exch,0.0514693,0.0059755,0.1409699
2026,19232,8,Allstate Ins Co,0.0317705,0.0108614,0.0031827
2026,19070,3548,Standard Fire Ins Co,0.0280955,0.0,0.0
2026,25798,5065,Sutton National Ins Co,0.0270267,0.0,0.0
2026,25941,200,United Serv Automobile Assn,0.0254534,0.0,0.0
2026,23787,140,Nationwide Mut Ins Co,0.0205015,0.0072188,0.0039947
2026,25968,200,USAA Cas Ins Co,0.0200134,0.0,0.0
2026,24732,111,General Ins Co Of Amer,0.019692,5.4e-06,3.5e-06
2026,24740,111,Safeco Ins Co Of Amer,0.0186582,0.0020329,0.0008499
2026,11185,69,Foremost Ins Co Grand Rapids MI,0.0184998,0.0,0.0
2026,21687,69,Mid Century Ins Co,0.0182784,0.001152,0.0286365
2026,42404,111,Liberty Ins Corp,0.0149363,0.0,0.0
2026,37850,2898,Pacific Specialty Ins Co,0.0143408,0.0,0.0
2026,13927,473,Homesite Ins Co Of The Midwest,0.0136113,0.0,0.0
2026,21482,65,Factory Mut Ins Co,0.0122175,0.0,0.0
2026,42978,19,American Security Ins Co,0.0112617,0.0,0.0
2026,18600,200,USAA Gen Ind Co,0.0099391,0.0,0.0
2026,42722,361,American Modern Prop & Cas Ins Co,0.0097109,0.0,0.0
2026,20281,626,Federal Ins Co,0.0095484,0.0317414,0.0163591
2026,12502,4672,DB Ins Co Ltd (US Branch),0.0085866,0.0079607,0.0045261
2026,29068,473,American Family Connect Prop & Cas I,0.0082446,0.0,0.0
2026,10921,1278,CSAA Fire & Cas Ins Co,0.0082087,0.0,0.0
2026,21253,200,Garrison Prop & Cas Ins Co,0.0081915,2.09e-05,5.24e-05
2026,13544,280,California Capital Ins Co,0.0079609,0.0371516,0.0284944
2026,10014,65,Affiliated Fm Ins Co,0.0077409,0.0,0.0
2026,11005,473,Homesite Ins Co Of CA,0.007446,0.0,0.0
2026,25180,4869,Stillwater Ins Co,0.0069443,0.0026065,0.0026446
2026,24376,5010,Spinnaker Ins Co,0.0068494,0.0016547,0.0061333
2026,12873,3098,Privilege Underwriters Recp Exch,0.0066671,0.0,0.0
2026,16023,5032,Lemonade Ins Co,0.0063395,0.0,0.0
2026,19976,28,Amica Mut Ins Co,0.0058524,0.0,0.0
2026,39012,111,Safeco Ins Co Of IL,0.0056133,0.0,0.0
2026,20117,33,California Cas Ind Exch,0.0053363,0.0,0.0
2026,29742,8,Integon Natl Ins Co,0.0045463,0.0110324,0.0
2026,10111,19,American Bankers Ins Co Of FL,0.0044942,0.0,0.0
2026,15776,800,Residence Mut Ins Co,0.0044405,0.0,0.0
2026,16535,212,Zurich Amer Ins Co,0.0043158,0.0478768,0.0044651
2026,14042,155,ASI Select Ins Corp,0.0040287,0.0,0.0
2026,34690,91,Property & Cas Ins Co Of Hartford,0.0037538,4.2e-06,1.88e-05
2026,24724,111,First Natl Ins Co Of Amer,0.0036975,0.0,0.0
2026,39217,796,QBE Ins Corp,0.0034742,0.0008779,9.95e-05
2026,19380,12,American Home Assur Co,0.0034131,6.97e-05,0.0
2026,10683,1318,Wawanesa Gen Ins Co,0.0031382,0.0,0.0
2026,10759,5092,Universal N Amer Ins Co,0.0030082,0.0,0.0
2026,22667,626,Ace Amer Ins Co,0.0029995,0.0336568,0.0
2026,10945,3098,Tokio Marine Amer Ins Co,0.0028845,0.0019441,0.0018418
2026,18279,626,Bankers Standard Ins Co,0.0026229,0.0,0.0
2026,33898,313,Aegis Security Ins Co,0.0024045,0.0,0.0
2026,10358,8,Encompass Ins Co,0.0022923,0.0,0.0
2026,28401,408,American Natl Prop & Cas Co,0.0022919,0.0015078,0.0002069
2026,22578,300,Horace Mann Ins Co,0.0021004,0.0,0.0
2026,16578,4869,Stillwater Prop & Cas Ins Co,0.0019907,0.0,0.0
2026,20362,4715,Mitsui Sumitomo Ins Co of Amer,0.0019136,0.0054639,0.0015102
2026,41343,517,HDI Global Ins Co,0.0018382,0.0002867,0.0004722
2026,10677,244,The Cincinnati Ins Co,0.0017371,0.0004315,0.0002366
2026,27120,91,Trumbull Ins Co,0.0017003,0.0,2.83e-05
2026,10970,4718,Response Ind Co Of CA,0.0014866,0.0074053,0.0
2026,22748,626,Pacific Employers Ins Co,0.0014583,0.0,0.0021525
2026,14974,246,Pennsylvania Lumbermens Mut Ins,0.0012986,0.0,0.0
2026,22101,83,Grange Ins Assn,0.0011521,0.0035714,0.0
2026,10391,31,Berkshire Hathaway Direct Ins Co,0.0009739,0.0039463,0.0083209
2026,18961,140,Crestbrook Ins Co,0.0009734,0.001858,0.0
2026,11000,91,Sentinel Ins Co Ltd,0.0009364,0.0049338,0.0218034
2026,11800,69,Foremost Prop & Cas Ins Co,0.0009004,0.0,0.0
2026,26905,8,Century Natl Ins Co,0.000739,9e-07,0.0
2026,38148,5049,Granada Ind Co,0.0007176,0.0048575,0.0036705
2026,28932,785,Markel Amer Ins Co,0.0006747,0.00104,0.0001555
2026,22756,300,Horace Mann Prop & Cas Ins Co,0.0006449,0.0,0.0
2026,12831,785,State Natl Ins Co Inc,0.0006107,0.0014613,0.0004627
2026,24082,111,Ohio Security Ins Co,0.0006011,0.0184532,0.0121771
2026,22713,626,Insurance Co of N Amer,0.000592,0.0,0.0
2026,37257,796,Praetorian Ins Co,0.0005426,0.0,0.0
2026,15900,4857,US Coastal Prop & Cas Ins Co,0.0005294,0.0,0.0
2026,44393,111,West Amer Ins Co,0.0004581,0.0133013,0.0124038
2026,14907,645,Oregon Mut Ins Co,0.0004452,0.0077167,0.0042324
2026,23876,411,Mapfre Ins Co,0.0004331,0.0,0.0
2026,28223,140,Nationwide Agribusiness Ins Co,0.0004123,0.02122,0.000982
2026,23469,361,American Modern Home Ins Co,0.0003954,0.0,0.0
2026,41459,0,Armed Forces Ins Exch,0.000346,0.0,0.0
2026,23540,280,Monterey Ins Co,0.0003368,0.0062825,0.0051333
2026,10200,4666,Hiscox Ins Co Inc,0.0003336,0.0022111,0.0013026
2026,19429,12,Insurance Co Of The State Of PA,0.0002988,0.0015326,0.0
2026,25895,31,United States Liab Ins Co,0.0002978,0.0,0.0
2026,12890,280,Eagle W Ins Co,0.0002707,3e-06,4e-07
2026,19445,12,National Union Fire Ins Co of Pittsb,0.0002282,0.01449,0.0011329
2026,39306,212,Fidelity & Deposit Co Of MD,0.0002215,0.002009,0.000237
2026,10030,626,Westchester Fire Ins Co,0.0002176,0.0005569,0.0004166
2026,11991,140,National Cas Co,0.000209,0.0023708,0.0
2026,25011,2538,Wesco Ins Co,0.0002001,0.0088684,0.0147373
2026,10914,215,Kemper Independence Ins Co,0.0001956,0.0,0.0
2026,19269,4987,Incline Natl Ins Co,0.0001846,0.0,0.0
2026,42986,19,Standard Guar Ins Co,0.0001481,0.0,0.0
2026,11150,1279,Arch Ins Co,0.0001369,0.0028184,0.0035316
2026,27480,0,California Mut Ins Co,0.0001149,0.0027597,0.0021936
2026,20796,69,21st Century Premier Ins Co,0.0001126,0.0,0.0
2026,10048,0,Hyundai Marine & Fire Ins Co Ltd,0.0001113,0.0,0.0
2026,24074,111,Ohio Cas Ins Co,0.0001079,0.0038905,0.0054567
2026,18058,3098,Philadelphia Ind Ins Co,9.8e-05,0.0459604,3.22e-05
2026,20397,626,Vigilant Ins Co,8.11e-05,0.0008227,0.0003344
2026,22012,79,Motors Ins Corp,8.02e-05,0.0,0.0
2026,22551,4715,Mitsui Sumitomo Ins USA Inc,7.89e-05,0.0005835,0.0008839
2026,20346,626,Pacific Ind Co,6.92e-05,0.0001061,8.5e-05
2026,19879,2538,Security Natl Ins Company,6.26e-05,0.0076958,0.0069333
2026,30104,91,Hartford Underwriters Ins Co,5.89e-05,0.0279834,0.0619116
2026,20303,626,Great Northern Ins Co,5.77e-05,0.0014217,0.0010748
2026,19240,8,Allstate Ind Co,5.7e-05,0.0,0.0
2026,23809,12,Granite State Ins Co,5.41e-05,0.0005936,0.0007868
2026,33499,0,Dorinco Reins Co,4.5e-05,0.0,0.0
2026,16063,215,Unitrin Auto & Home Ins Co,4.37e-05,0.0,0.0
2026,13625,800,Western Mut Ins Co,3.98e-05,0.0,0.0
2026,25054,158,Hudson Ins Co,3.88e-05,0.0018088,0.0002653
2026,10120,1120,Everest Natl Ins Co,3.41e-05,0.0008981,0.0038629
2026,41998,361,American Southern Home Ins Co,3.36e-05,0.0012247,0.0021893
2026,28886,225,Transguard Ins Co Of Amer Inc,3.34e-05,1.67e-05,0.0
2026,19682,91,Hartford Fire Ins Co,3.31e-05,0.0186275,0.0138276
2026,16187,5032,Metromile Ins Co,3.31e-05,0.0,0.0
2026,38970,785,Markel Ins Co,3.24e-05,0.0012805,0.0018932
2026,29459,91,Twin City Fire Ins Co Co,3.23e-05,2.41e-05,0.0001647
2026,10847,306,Cumis Ins Society Inc,2.38e-05,0.0008409,0.000541
2026,10004,313,Seaview Ins Co,2.36e-05,0.0,0.0
2026,21261,5075,RiverStone Intl Ins Inc,2.12e-05,0.0,0.0
2026,15580,140,Scottsdale Ind Co,2.03e-05,6.59e-05,1.77e-05
2026,11142,215,United Cas Ins Co Of Amer,1.59e-05,0.0,0.0
2026,36927,408,Colony Specialty Ins Co,1.1e-05,0.0,0.0
2026,23841,12,New Hampshire Ins Co,8.4e-06,9.89e-05,8.75e-05
2026,38776,5001,SiriusPoint Amer Ins Co,6.5e-06,6.6e-06,1.52e-05
2026,36552,968,Coliseum Reins Co,6.1e-06,0.0,0.0
2026,10052,626,Chubb Natl Ins Co,5.2e-06,0.000225,0.0001424
2026,10317,69,Neighborhood Spirit Prop & Cas Co,4.7e-06,0.0,0.0
2026,23450,361,American Family Home Ins Co,4.7e-06,0.0001889,0.0002944
2026,24066,111,American Fire & Cas Co,3.5e-06,0.002029,0.0010429
2026,38733,4485,Alaska Natl Ins Co,3.4e-06,2.53e-05,0.0001173
2026,15032,303,GuideOne Ins Co,3.2e-06,0.0054305,0.0002193
2026,29424,91,Hartford Cas Ins Co,3e-06,0.0001111,0.0008148
2026,13722,1316,Knightbrook Ins Co,3e-06,0.0,0.0
2026,14559,303,GuideOne Specialty Ins Co,2.8e-06,9.86e-05,0.0003419
2026,23396,124,Amerisure Mut Ins Co,2.7e-06,3e-06,0.000277
2026,22276,31,Berkshire Hathaway Specialty Ins Co,2.4e-06,0.0006791,0.0020714
2026,10315,69,Civic Prop & Cas Co,2.2e-06,0.0,0.0
2026,23035,111,Liberty Mut Fire Ins Co,1.4e-06,0.0069693,0.0
2026,31968,215,Merastar Ins Co,1.4e-06,0.0,0.0
2026,12777,626,Chubb Ind Ins Co,1.3e-06,0.0007381,0.0004166
2026,35181,626,Executive Risk Ind Inc,1e-06,0.0,0.0
2026,20052,31,National Liab & Fire Ins Co,9e-07,0.0,0.0
2026,10318,69,Exact Prop & Cas Co Inc,9e-07,0.0,0.0
2026,42376,2538,Technology Ins Co Inc,9e-07,2.59e-05,2.98e-05
2026,32620,84,National Interstate Ins Co,8e-07,0.0002336,2.52e-05
2026,20095,150,BITCO Gen Ins Corp,6e-07,9.5e-06,0.0002317
2026,28860,4850,Clear Blue Ins Co,6e-07,0.0,0.0
2026,10915,215,Unitrin Direct Prop & Cas Co,5e-07,0.0,0.0
2026,23280,244,The Cincinnati Ind Co,5e-07,2.12e-05,7.1e-06
2026,25976,201,Utica Mut Ins Co,4e-07,0.0,2.2e-05
2026,13056,783,RLI Ins Co,4e-07,0.000736,0.0018145
2026,19518,968,AXA XL Ins Co Americas,3e-07,0.0,0.0
2026,18767,4851,Church Mut Ins Co S I,3e-07,0.0092224,0.0056048
2026,42579,140,Allied Prop & Cas Ins Co,2e-07,6e-07,0.0
2026,23663,4935,National Amer Ins Co,2e-07,0.0,0.0
2026,39861,0,Golden Bear Ins Co,1e-07,0.00129,0.00492
2026,21172,84,Vanliner Ins Co,1e-07,8.34e-05,3.01e-05
2026,18023,572,Star Ins Co,1e-07,0.0029876,0.0016307
2026,25780,572,Williamsburg Natl Ins Co,1e-07,6e-07,0.0
2026,36161,3548,Travelers Prop Cas Ins Co,1e-07,0.0,0.0
2026,10830,0,Business Alliance Ins Co,0.0,0.0011583,0.001185
2026,11118,0,Federated Rural Electric Ins Exch,0.0,0.00011,0.0
2026,13528,0,Brotherhood Mut Ins Co,0.0,0.0073943,0.004135
2026,37800,0,Kookmin Best Ins Co Ltd,0.0,0.0,0.0
2026,38300,0,Samsung Fire & Marine Ins Co Ltd,0.0,1.28e-05,3.68e-05
2026,40975,0,Dentists Ins Co,0.0,0.0,0.0072797
2026,13935,7,Federated Mut Ins Co,0.0,0.0061174,0.0048353
2026,28304,7,Federated Serv Ins Co,0.0,0.0009071,1.8e-06
2026,22314,31,RSUI Ind Co,0.0,0.0004687,0.0
2026,35416,31,Us Underwriters Ins Co,0.0,0.0,0.0
2026,42390,31,Amguard Ins Co,0.0,0.0,0.0375887
2026,21415,62,Employers Mut Cas Co,0.0,0.0019167,0.000953
2026,21709,69,Truck Ins Exch,0.0,0.003434,0.0633638
2026,16691,84,Great Amer Ins Co,0.0,0.004623,0.0002118
2026,22136,84,Great Amer Ins Co of NY,0.0,0.001197,0.0
2026,26344,84,Great Amer Assur Co,0.0,0.0046453,0.0
2026,26832,84,Great Amer Alliance Ins Co,0.0,0.0057047,0.0
2026,33723,84,Great Amer Spirit Ins Co,0.0,0.0,0.0
2026,10815,88,Verlan Fire Ins Co MD,0.0,0.0024897,0.0
2026,22292,88,Hanover Ins Co,0.0,0.0072468,0.0062906
2026,22306,88,Massachusetts Bay Ins Co,0.0,0.0030097,0.0117651
2026,31534,88,Citizens Ins Co Of Amer,0.0,0.0010558,0.0069691
2026,36064,88,Hanover Amer Ins Co,0.0,0.0011374,0.0006586
2026,41840,88,Allmerica Fin Benefit Ins Co,0.0,0.0026205,0.0
2026,42552,88,Nova Cas Co,0.0,0.0018496,0.0
2026,22357,91,Hartford Accident & Ind Co,0.0,3e-06,0.0025146
2026,37478,91,Hartford Ins Co Of The Midwest,0.0,0.0,0.0013515
2026,42307,91,Navigators Ins Co,0.0,0.0,0.0025585
2026,10749,98,Intrepid Ins Co,0.0,0.0011708,0.0033152
2026,25224,98,Great Divide Ins Co,0.0,0.0003621,0.0005739
2026,29580,98,Berkley Regional Ins Co,0.0,0.0008931,0.0005353
2026,32603,98,Berkley Ins Co,0.0,2.4e-06,0.0
2026,36684,98,Riverport Ins Co,0.0,1.4e-05,8.9e-06
2026,38911,98,Berkley Natl Ins Co,0.0,0.0022126,0.0009423
2026,40045,98,Starnet Ins Co,0.0,0.000663,0.0009416
2026,44318,98,Admiral Ind Co,0.0,8.43e-05,0.0
2026,21458,111,Employers Ins Co of Wausau,0.0,0.0111564,0.0
2026,23043,111,Liberty Mut Ins Co,0.0,0.0296367,0.0
2026,33588,111,First Liberty Ins Corp,0.0,2.1e-06,0.0
2026,33600,111,LM Ins Corp,0.0,6e-07,0.0
2026,10127,140,Allied Ins Co of Amer,0.0,0.0,4.46e-05
2026,19100,140,Amco Ins Co,0.0,1.91e-05,0.0002306
2026,23760,140,Nationwide Gen Ins Co,0.0,0.0037764,0.0204874
2026,25453,140,Nationwide Ins Co Of Amer,0.0,0.0,2.55e-05
2026,37877,140,Nationwide Prop & Cas Ins Co,0.0,1.94e-05,1.28e-05
2026,42587,140,Depositors Ins Co,0.0,0.0,0.0002823
2026,12262,150,Pennsylvania Manufacturers Assoc Ins,0.0,0.0002128,0.0
2026,20109,150,BITCO Natl Ins Co,0.0,1.5e-06,1.7e-05
2026,36897,150,Manufacturers Alliance Ins Co,0.0,0.0001103,0.0
2026,41424,150,Pennsylvania Manufacturers Ind Co,0.0,2.35e-05,0.0
2026,10936,158,Seneca Ins Co Inc,0.0,0.0076628,0.0022276
2026,13269,158,Zenith Ins Co,0.0,0.0111579,0.0
2026,16624,158,Allied World Specialty Ins Co,0.0,0.0003525,3.44e-05
2026,21105,158,North River Ins Co,0.0,0.0011192,4.53e-05
2026,21113,158,United States Fire Ins Co,0.0,0.0007375,0.0019591
2026,44768,158,Vantapro Specialty Ins Co,0.0,0.0001362,0.0003876
2026,13978,169,Florists Mut Ins Co,0.0,0.000194,0.0
2026,21180,169,Sentry Select Ins Co,0.0,0.0004729,0.0
2026,23434,169,Middlesex Ins Co,0.0,0.0029036,0.0
2026,24988,169,Sentry Ins Co,0.0,0.0028833,0.0003592
2026,29700,181,Swiss Re Corp Solutions Elite Ins Co,0.0,0.005786,0.000147
2026,29874,181,Swiss Re Corp Solutions Amer Ins Co,0.0,0.0,0.0
2026,21326,212,Empire Fire & Marine Ins Co,0.0,5.1e-06,0.0
2026,26247,212,American Guar & Liab Ins,0.0,0.0056141,0.0013342
2026,27855,212,Zurich Amer Ins Co Of IL,0.0,6.53e-05,0.0026017
2026,40142,212,American Zurich Ins Co,0.0,0.0004488,0.0012066
2026,20427,218,American Cas Co Of Reading PA,0.0,0.0031405,0.0001212
2026,20443,218,Continental Cas Co,0.0,0.0085603,0.0141443
2026,20478,218,National Fire Ins Co Of Hartford,0.0,0.0030201,0.0002352
2026,20494,218,Transportation Ins Co,0.0,0.0015919,0.0016505
2026,20508,218,Valley Forge Ins Co,0.0,0.0024009,0.0046887
2026,35289,218,Continental Ins Co,0.0,0.0048521,0.0
2026,28665,244,The Cincinnati Cas Co,0.0,4.8e-06,2.5e-06
2026,13021,248,United Fire & Cas Co,0.0,0.0024167,0.0025149
2026,31453,248,Financial Pacific Ins Co,0.0,0.0005414,0.0004393
2026,16608,256,New York Marine & Gen Ins Co,0.0,0.0007101,0.0
2026,10693,323,Civil Serv Employees Ins Co,0.0,0.0,0.0
2026,18953,323,CSE Safeguard Ins Co,0.0,0.0,0.0
2026,19720,361,American Alt Ins Corp,0.0,0.0029316,0.0
2026,19801,408,Argonaut Ins Co,0.0,1.5e-06,2.41e-05
2026,27138,473,Midvale Ind Co,0.0,0.0,0.0035171
2026,12254,517,Glencar Ins Co,0.0,5.7e-06,5.95e-05
2026,20699,626,Ace Prop & Cas Ins Co,0.0,0.0,0.002878
2026,20702,626,Ace Fire Underwriters Ins Co,0.0,0.0,0.0010943
2026,43575,626,Indemnity Ins Co Of North Amer,0.0,0.0039772,0.0006338
2026,11908,660,Mercury Cas Co,0.0,0.0,0.0
2026,31046,660,California Gen Underwriters Ins Co,0.0,0.0,0.0372837
2026,21849,761,American Automobile Ins Co,0.0,0.0002333,0.0
2026,21873,761,Firemans Fund Ins Co,0.0,0.0290556,0.0
2026,21881,761,National Surety Corp,0.0,0.0,0.0
2026,22810,761,Chicago Ins Co,0.0,0.0,0.0005969
2026,22837,761,AGCS Marine Ins Co,0.0,0.0051263,0.0
2026,35300,761,Allianz Global Risks US Ins Co,0.0,0.0176781,0.0
2026,13714,775,Pharmacists Mut Ins Co,0.0,0.0014542,0.0011715
2026,37206,783,Contractors Bonding & Ins Co,0.0,3.7e-05,0.0024522
2026,22608,785,National Specialty Ins Co,0.0,3.58e-05,0.0
2026,24414,796,General Cas Co Of WI,0.0,0.0021473,0.0
2026,24449,796,Regent Ins Co,0.0,0.0006118,0.0
2026,42048,920,Diamond State Ins Co,0.0,0.0007068,6.02e-05
2026,22322,968,Greenwich Ins Co,0.0,0.0029194,0.0006908
2026,24554,968,XL Ins Amer Inc,0.0,0.0076049,6.94e-05
2026,37885,968,XL Specialty Ins Co,0.0,0.0008543,0.0001095
2026,26921,1120,Everest Reins Co,0.0,0.0,0.0
2026,21865,1147,WCF Select Ins Co,0.0,0.0,4.3e-06
2026,24961,1248,Everspan Ins Co,0.0,2e-05,6.91e-05
2026,22985,2538,Sequoia Ins Co,0.0,4.5e-06,2.5e-06
2026,29599,3098,US Specialty Ins Co,0.0,0.0,5.24e-05
2026,41238,3098,Trans Pacific Ins Co,0.0,0.0001439,0.0001587
2026,11126,3219,Sompo Amer Ins Co,0.0,0.0084456,0.0
2026,38997,3219,Sompo Amer Fire & Mar Ins Co Amer,0.0,8.88e-05,0.0
2026,37273,3416,Axis Ins Co,0.0,0.0007328,0.0
2026,15884,3494,Falls Lake Fire & Cas Co,0.0,0.0004172,0.0
2026,19038,3548,Travelers Cas & Surety Co,0.0,0.0010519,0.0
2026,19046,3548,Travelers Cas Ins Co Of Amer,0.0,0.0,0.0899629
2026,25674,3548,Travelers Prop Cas Co Of Amer,0.0,0.0972561,0.0188822
2026,25682,3548,Travelers Ind Co Of CT,0.0,0.0381436,0.0166645
2026,10069,4359,Housing Authority Prop A Mut Co,0.0,0.0013168,0.0
2026,11206,4359,Housing Enterprise Ins Co Inc,0.0,0.002012,0.0
2026,35408,4381,Imperium Ins Co,0.0,1.94e-05,0.0
2026,38318,4670,Starr Ind & Liab Co,0.0,0.0017161,0.0
2026,43460,4734,Aspen Amer Ins Co,0.0,0.0,0.000129
2026,19615,4761,American Reliable Ins Co,0.0,4.74e-05,0.0002427
2026,15563,4794,Clear Spring Prop & Cas Co,0.0,4.65e-05,0.0004829
2026,41394,4886,Benchmark Ins Co,0.0,1.22e-05,2.59e-05
2026,14354,4889,Jewelers Mut Ins Co S I,0.0,0.0,0.0013161
2026,27154,4904,Atlantic Specialty Ins Co,0.0,0.0042124,0.0
2026,23752,4908,Ascot Ins Co,0.0,0.0003516,0.0
2026,25496,4990,StarStone Natl Ins Co,0.0,0.0,0.0
2026,10220,4997,Accelerant Natl Ins Co,0.0,0.0119574,0.0
2026,40550,5034,Lio Ins Co,0.0,0.0001448,0.0009817
2026,26379,5077,Accredited Surety & Cas Co Inc,0.0,0.0124264,0.0040184
2026,16203,5087,MGT Ins Co,0.0,0.0001228,0.00018
