zip,county,total_nonrenew_rate_2021,insurer_nonrenew_rate_2019,fair_penetration_2023,exposure_millions,income_decile
90001,Los Angeles,0.0986,0.0302,0.2146836696793364,928.7,2
90002,Los Angeles,0.1127,0.0277,0.1511409395973154,732.3,2
90003,Los Angeles,0.1191,0.0298,0.162962182660908,1056.1,2
90004,Los Angeles,0.1169,0.0202,0.0704595185995623,442.5,3
90005,Los Angeles,0.1549,0.0296,0.0706860706860706,150.0,2
90006,Los Angeles,0.1448,0.0326,0.1833937928254736,468.6,1
90007,Los Angeles,0.1287,0.0291,0.1506904955320877,351.2,1
90008,Los Angeles,0.0907,0.0176,0.0391149743184512,261.5,3
90011,Los Angeles,0.1182,0.0323,0.2091003820771101,1495.5,1
90012,Los Angeles,0.1042,0.0102,0.0902439024390243,58.9,3
90013,Los Angeles,0.1942,0.0,0.043103448275862,2.6,1
90014,Los Angeles,0.2034,0.0196,0.0,1.9,1
90015,Los Angeles,0.1698,0.0291,0.1638655462184874,66.1,3
90016,Los Angeles,0.1052,0.0186,0.0757636387888488,457.7,4
90017,Los Angeles,0.1618,0.0578,0.0784313725490196,13.6,2
90018,Los Angeles,0.1032,0.0239,0.1269208878770631,742.2,2
90019,Los Angeles,0.115,0.0218,0.0681490384615384,808.3,4
90020,Los Angeles,0.1556,0.0152,0.0348993288590604,70.5,2
90021,Los Angeles,0.1507,0.0149,0.2131147540983606,6.1,4
90022,Los Angeles,0.0863,0.0196,0.1023264793899025,682.6,3
90023,Los Angeles,0.1004,0.0294,0.1818816547390469,541.4,2
90024,Los Angeles,0.1128,0.0175,0.012807881773399,195.1,6
90025,Los Angeles,0.1392,0.0172,0.0129740518962075,59.8,7
90026,Los Angeles,0.1087,0.0191,0.0784628559195033,624.6,5
90027,Los Angeles,0.1079,0.0212,0.0504959422903516,686.7,7
90028,Los Angeles,0.1816,0.0256,0.0438247011952191,56.6,2
90029,Los Angeles,0.1053,0.0197,0.0956239870340356,216.2,3
90031,Los Angeles,0.093,0.0185,0.129278951201748,496.8,3
90032,Los Angeles,0.0961,0.0226,0.072469090463949,441.6,5
90033,Los Angeles,0.1088,0.0285,0.1582931865106676,386.3,2
90034,Los Angeles,0.0978,0.0127,0.0169137210186241,116.2,7
90035,Los Angeles,0.1184,0.0145,0.0121523720495442,184.2,8
90036,Los Angeles,0.1218,0.019,0.0213533000554631,268.2,8
90037,Los Angeles,0.1172,0.0342,0.1890201528839472,975.6,2
90038,Los Angeles,0.1355,0.0297,0.0640456563094483,107.7,2
90039,Los Angeles,0.0983,0.0164,0.043046357615894,325.1,7
90040,Los Angeles,0.0906,0.0264,0.0712996389891696,94.4,3
90041,Los Angeles,0.0908,0.0129,0.0363088631679086,346.7,8
90042,Los Angeles,0.0958,0.0168,0.0722118959107806,667.5,7
90043,Los Angeles,0.0839,0.0207,0.0560747663551401,593.3,3
90044,Los Angeles,0.1019,0.0321,0.1240689353001314,1236.5,1
90045,Los Angeles,0.0848,0.0129,0.0032530904359141,80.5,9
90046,Los Angeles,0.1479,0.0353,0.3103341584158416,3575.5,7
90047,Los Angeles,0.0885,0.0255,0.0643227478937135,736.1,3
90048,Los Angeles,0.1278,0.0179,0.0170002741979709,236.3,7
90049,Los Angeles,0.1199,0.0408,0.1467406004868812,4840.0,10
90056,Los Angeles,0.0862,0.0171,0.0072033898305084,75.5,9
90057,Los Angeles,0.142,0.0352,0.1505154639175257,47.3,1
90058,Los Angeles,0.0916,0.0312,0.2865853658536585,21.6,1
90059,Los Angeles,0.1061,0.0304,0.1060724933312411,451.0,1
90061,Los Angeles,0.1009,0.0273,0.106423323062337,285.1,3
90062,Los Angeles,0.1052,0.0291,0.135275405993638,605.8,3
90063,Los Angeles,0.1127,0.026,0.1582391433670434,772.4,3
90064,Los Angeles,0.0932,0.0143,0.0069326760129409,111.8,9
90065,Los Angeles,0.0901,0.0233,0.0754604280736685,821.3,6
90066,Los Angeles,0.0979,0.0133,0.0061913696060037,141.5,7
90067,Los Angeles,0.1598,0.0284,0.0132450331125827,10.7,9
90068,Los Angeles,0.1246,0.0394,0.2017631403858948,2587.5,8
90069,Los Angeles,0.1635,0.0328,0.0974990938745922,824.6,8
90077,Los Angeles,0.1794,0.0636,0.5053661616161617,4308.3,10
90094,Los Angeles,0.1809,0.0106,0.003683241252302,12.8,10
90201,Los Angeles,0.0803,0.0143,0.0804062632247143,759.3,2
90210,Los Angeles,0.152,0.0469,0.3506042046018871,5995.7,10
90211,Los Angeles,0.1187,0.0183,0.0273651290070367,152.4,7
90212,Los Angeles,0.1059,0.0164,0.0170749814402375,91.5,8
90220,Los Angeles,0.094,0.0275,0.0651157734536362,466.6,4
90221,Los Angeles,0.0794,0.0234,0.092658852560148,556.0,3
90222,Los Angeles,0.1017,0.0266,0.1033278176135319,323.4,4
90230,Los Angeles,0.0896,0.0108,0.0100652376514445,66.6,8
90232,Los Angeles,0.0915,0.0144,0.0119777972538708,38.8,9
90240,Los Angeles,0.0899,0.0159,0.0183564933950934,183.1,8
90241,Los Angeles,0.0879,0.0143,0.0159595690916345,179.6,5
90242,Los Angeles,0.0875,0.0122,0.0202060752040679,185.8,5
90245,Los Angeles,0.0801,0.0067,0.0011544011544011,33.2,9
90247,Los Angeles,0.0954,0.017,0.0268580360949268,179.4,4
90248,Los Angeles,0.0909,0.0202,0.018234562784915,36.7,6
90249,Los Angeles,0.08,0.0155,0.0126199786704585,76.0,5
90250,Los Angeles,0.0802,0.0129,0.0229213137450965,269.3,5
90254,Los Angeles,0.0921,0.0103,0.0031930879038317,83.2,10
90255,Los Angeles,0.0765,0.0179,0.1101797728024705,773.1,2
90260,Los Angeles,0.0868,0.0126,0.0198170731707317,112.4,5
90262,Los Angeles,0.0843,0.0193,0.0822427917863602,601.7,4
90265,Los Angeles,0.1347,0.0405,0.3647502356267672,5080.9,10
90266,Los Angeles,0.0916,0.0101,0.0028464685998932,170.9,10
90270,Los Angeles,0.0748,0.0165,0.0967007963594994,217.4,2
90272,Los Angeles,0.1238,0.0345,0.1090575620767494,3425.2,10
90274,Los Angeles,0.0899,0.0127,0.0087749682484701,533.0,10
90275,Los Angeles,0.091,0.0127,0.0053195650473284,648.5,10
90277,Los Angeles,0.0858,0.0083,0.0058384249830278,82.7,9
90278,Los Angeles,0.0859,0.0095,0.0035994071564683,108.9,10
90280,Los Angeles,0.0822,0.0138,0.0680645809606752,899.1,3
90290,Los Angeles,0.1667,0.0619,0.8085822465292385,2804.8,9
90291,Los Angeles,0.109,0.0172,0.0183593180824712,165.2,8
90292,Los Angeles,0.1406,0.0178,0.0075966850828729,82.6,9
90293,Los Angeles,0.1066,0.0147,0.0063805104408352,65.2,9
90301,Los Angeles,0.0748,0.0158,0.0611650485436893,166.9,2
90302,Los Angeles,0.094,0.0236,0.0605889014722536,162.5,3
90303,Los Angeles,0.0847,0.0184,0.045538178472861,193.3,3
90304,Los Angeles,0.0717,0.0151,0.0801711840228245,166.9,3
90305,Los Angeles,0.0868,0.0201,0.0255788906838987,124.3,6
90401,Los Angeles,0.2672,0.0293,0.01875,10.7,7
90402,Los Angeles,0.1105,0.0189,0.012037037037037,339.2,10
90403,Los Angeles,0.0948,0.0145,0.0137211855104281,91.4,8
90404,Los Angeles,0.0973,0.0167,0.0188205771643663,45.5,5
90405,Los Angeles,0.0948,0.0096,0.0120686004658056,96.8,8
90501,Los Angeles,0.0866,0.0129,0.012210796915167,122.1,6
90502,Los Angeles,0.0941,0.016,0.0129589632829373,46.8,6
90503,Los Angeles,0.071,0.0095,0.0024831500532103,44.2,8
90504,Los Angeles,0.0775,0.0106,0.0026401810409856,39.7,7
90505,Los Angeles,0.0833,0.0105,0.0021876799078871,70.7,8
90601,Los Angeles,0.0938,0.0171,0.0386382058902999,566.1,6
90602,Los Angeles,0.0996,0.0159,0.0320427236315086,243.5,5
90603,Los Angeles,0.0773,0.0122,0.0082505472301734,134.9,8
90604,Los Angeles,0.0881,0.012,0.0116423646433819,108.6,7
90605,Los Angeles,0.0894,0.0183,0.025958110516934,277.5,7
90606,Los Angeles,0.0855,0.0199,0.0290852887452578,161.6,6
90620,Orange,0.097,0.0178,0.0023210141046241,81.4,7
90621,Orange,0.1265,0.018,0.0064870259481037,79.0,6
90623,Orange,0.0824,0.0099,0.0020607934054611,25.8,8
90630,Orange,0.0945,0.012,0.0023527282598859,71.6,8
90631,Orange,0.1032,0.0191,0.022939120302942,825.0,8
90638,Los Angeles,0.0912,0.0128,0.0061221201868857,138.9,7
90640,Los Angeles,0.0811,0.0159,0.0289045187397629,345.8,4
90650,Los Angeles,0.0878,0.0154,0.0194898821657634,340.7,7
90660,Los Angeles,0.0833,0.0174,0.0309158530915853,325.2,5
90670,Los Angeles,0.0941,0.0147,0.0144927536231884,43.7,5
90680,Orange,0.1224,0.0243,0.0029915692140331,46.5,4
90701,Los Angeles,0.0874,0.0158,0.0186353211009174,49.0,6
90703,Los Angeles,0.0791,0.0102,0.0043762053107847,151.0,9
90704,Los Angeles,0.137,0.0415,0.4266666666666667,332.5,6
90706,Los Angeles,0.0886,0.012,0.0182656053623795,290.0,4
90710,Los Angeles,0.0959,0.015,0.0137398024903392,100.7,5
90712,Los Angeles,0.0833,0.0128,0.004375,57.3,8
90713,Los Angeles,0.08,0.0091,0.0026156099602427,34.2,9
90715,Los Angeles,0.0906,0.0107,0.0199453551912568,57.5,6
90716,Los Angeles,0.0838,0.0227,0.0423280423280423,47.5,4
90717,Los Angeles,0.0914,0.0124,0.0123243243243243,58.2,6
90720,Orange,0.0901,0.011,0.0011651131824234,30.7,9
90723,Los Angeles,0.0895,0.0197,0.0433738556205913,227.3,3
90731,Los Angeles,0.0963,0.0129,0.021805370405637,231.2,4
90732,Los Angeles,0.0822,0.0116,0.0033945686900958,63.5,8
90740,Orange,0.1029,0.0054,0.0018259281801582,33.9,7
90742,Orange,0.145,0.027,0.0060240963855421,12.1,8
90743,Orange,0.1486,0.0245,0.0178571428571428,3.6,8
90744,Los Angeles,0.0806,0.0137,0.0460678751533324,205.7,3
90745,Los Angeles,0.0865,0.0131,0.0156495971849245,159.6,7
90746,Los Angeles,0.0876,0.021,0.021636615811373,222.3,7
90755,Los Angeles,0.0938,0.0112,0.0163755458515283,33.8,6
90802,Los Angeles,0.136,0.0098,0.0260831122900088,98.8,4
90803,Los Angeles,0.099,0.0092,0.0036750728678241,112.0,7
90804,Los Angeles,0.1058,0.012,0.0257775884107371,99.7,4
90805,Los Angeles,0.0886,0.0179,0.0314105096799683,364.6,4
90806,Los Angeles,0.0839,0.0149,0.0338607594936708,186.0,4
90807,Los Angeles,0.0826,0.0095,0.0065595716198125,85.5,7
90808,Los Angeles,0.0796,0.0082,0.0016263768758778,48.7,9
90810,Los Angeles,0.0799,0.0176,0.0283132530120481,150.6,5
90813,Los Angeles,0.1033,0.0182,0.0584521861117605,237.5,1
90814,Los Angeles,0.0893,0.0109,0.0077659849857623,65.4,7
90815,Los Angeles,0.0838,0.0096,0.0010776829815895,40.6,8
91001,Los Angeles,0.0835,0.0239,0.0646057658909343,1089.9,9
91006,Los Angeles,0.0975,0.0158,0.019872813990461,773.3,9
91007,Los Angeles,0.0954,0.0116,0.0137495956001294,404.9,7
91008,Los Angeles,0.1054,0.0383,0.2737127371273712,269.1,9
91010,Los Angeles,0.081,0.0229,0.0309541150764748,271.0,7
91011,Los Angeles,0.0919,0.0268,0.0721571015375247,2027.5,10
91016,Los Angeles,0.0853,0.0156,0.034229576008273,679.1,7
91020,Los Angeles,0.0939,0.0115,0.0293417922283901,73.1,4
91024,Los Angeles,0.0922,0.0199,0.0933562428407789,529.1,9
91030,Los Angeles,0.0803,0.0143,0.0268156424581005,348.3,9
91040,Los Angeles,0.1079,0.0295,0.0804110259337791,940.2,7
91042,Los Angeles,0.1061,0.0252,0.1114889841786189,1107.4,5
91101,Los Angeles,0.1132,0.0113,0.0570430733410943,52.6,6
91103,Los Angeles,0.0964,0.0211,0.0608917697898251,521.7,6
91104,Los Angeles,0.0842,0.0135,0.0232279171210468,349.5,7
91105,Los Angeles,0.0962,0.0225,0.0661693156016866,600.1,10
91106,Los Angeles,0.0886,0.0139,0.0198401763571231,132.3,7
91107,Los Angeles,0.0877,0.0142,0.0297876835322699,921.0,8
91108,Los Angeles,0.1018,0.0154,0.012817679558011,252.6,10
91201,Los Angeles,0.0998,0.0169,0.0274623712701346,284.6,4
91202,Los Angeles,0.1025,0.013,0.041564123598578,541.0,6
91203,Los Angeles,0.0976,0.0105,0.0329670329670329,46.0,4
91204,Los Angeles,0.1154,0.0134,0.0453172205438066,39.7,4
91205,Los Angeles,0.0981,0.0121,0.0306254029658284,143.4,2
91206,Los Angeles,0.0976,0.0367,0.1406666666666666,1117.5,7
91207,Los Angeles,0.0978,0.0202,0.054310672236992,659.0,7
91208,Los Angeles,0.089,0.0453,0.1068301225919439,1256.8,8
91214,Los Angeles,0.0957,0.0174,0.0389144331053044,1110.4,9
91301,Los Angeles,0.1159,0.0256,0.0896147403685092,2652.4,10
91302,Los Angeles,0.1256,0.0551,0.1574260270037345,5412.5,10
91303,Los Angeles,0.1287,0.02,0.0303635637235317,65.7,4
91304,Los Angeles,0.1104,0.0179,0.0425810678021618,1103.4,6
91306,Los Angeles,0.1113,0.0129,0.0177069499778663,243.0,5
91307,Los Angeles,0.1115,0.0194,0.0404028148507643,1409.1,9
91311,Los Angeles,0.1151,0.0213,0.0425286027967179,1376.5,8
91316,Los Angeles,0.1314,0.0232,0.0351640384266811,1410.5,6
91320,Ventura,0.1086,0.0189,0.0164154368242443,1603.0,9
91321,Los Angeles,0.134,0.0334,0.0673565380997177,1158.0,6
91324,Los Angeles,0.1107,0.0151,0.0120930232558139,167.9,7
91325,Los Angeles,0.1038,0.0142,0.0175068892851353,271.4,6
91326,Los Angeles,0.1116,0.0209,0.0228918894750961,1729.6,10
91331,Los Angeles,0.0997,0.0181,0.0615902224663554,709.9,5
91335,Los Angeles,0.1157,0.0174,0.0280855047589327,419.8,5
91340,Los Angeles,0.1024,0.0197,0.0569522832221652,280.9,6
91342,Los Angeles,0.1133,0.0276,0.0721390053924505,1657.5,6
91343,Los Angeles,0.1046,0.0158,0.0220953589174331,305.7,5
91344,Los Angeles,0.1043,0.019,0.022894349926486,959.2,8
91345,Los Angeles,0.1028,0.0203,0.0259709316178222,118.7,6
91350,Los Angeles,0.123,0.0334,0.0228870221155494,1265.6,9
91351,Los Angeles,0.1249,0.0265,0.029082774049217,615.6,8
91352,Los Angeles,0.1069,0.026,0.0736093143596377,669.2,4
91354,Los Angeles,0.1231,0.0179,0.0113726828158762,1014.8,9
91355,Los Angeles,0.1001,0.0121,0.0024901703800786,254.6,7
91356,Los Angeles,0.1418,0.0295,0.0519655812384005,2336.3,9
91360,Ventura,0.0966,0.0179,0.0110770893371757,857.6,8
91361,Ventura,0.1277,0.0257,0.0801800300050008,2572.5,9
91362,Ventura,0.126,0.0293,0.0291407756588815,2789.0,9
91364,Los Angeles,0.1389,0.0247,0.0572438162544169,2062.5,9
91367,Los Angeles,0.1304,0.0184,0.0154264972776769,708.1,8
91377,Ventura,0.1134,0.0233,0.0331846068042387,1000.8,10
91381,Los Angeles,0.1272,0.0306,0.0400331881352416,1208.3,9
91384,Los Angeles,0.1195,0.0742,0.1825564398245899,2194.2,9
91387,Los Angeles,0.1319,0.046,0.0868862647607209,2356.3,8
91390,Los Angeles,0.1452,0.0532,0.157952268172709,1835.5,9
91401,Los Angeles,0.1177,0.0178,0.0191261335531739,217.6,4
91402,Los Angeles,0.1183,0.0214,0.0388558201058201,226.0,2
91403,Los Angeles,0.1328,0.0291,0.0970491803278688,1354.7,8
91405,Los Angeles,0.1172,0.0217,0.031076801266825,162.0,2
91406,Los Angeles,0.1078,0.0169,0.0195473251028806,223.1,4
91411,Los Angeles,0.1012,0.0165,0.0175964058405091,68.2,5
91423,Los Angeles,0.1105,0.0214,0.0983810709838107,1484.0,8
91436,Los Angeles,0.1283,0.0278,0.0610591900311526,2079.7,10
91501,Los Angeles,0.1004,0.0147,0.0473272046305754,459.8,5
91502,Los Angeles,0.1005,0.0222,0.0236686390532544,21.4,4
91504,Los Angeles,0.0997,0.0163,0.0300708676498755,627.9,7
91505,Los Angeles,0.0833,0.0096,0.0084891732283464,104.9,7
91506,Los Angeles,0.0837,0.01,0.0097305389221556,74.8,7
91601,Los Angeles,0.1077,0.0176,0.0310893512851897,115.1,4
91602,Los Angeles,0.1229,0.0195,0.0103448275862068,95.8,6
91604,Los Angeles,0.1198,0.022,0.0977698771816418,1838.4,9
91605,Los Angeles,0.1158,0.0223,0.0397126592572512,313.9,3
91606,Los Angeles,0.1139,0.0199,0.0367441094084692,231.9,3
91607,Los Angeles,0.1098,0.0149,0.007497656982193,114.9,5
91701,San Bernardino,0.1082,0.0182,0.0076362374175633,337.6,8
91702,Los Angeles,0.0889,0.0193,0.030130532927667,503.0,5
91706,Los Angeles,0.0894,0.0194,0.0376914016489988,385.8,4
91708,San Bernardino,0.155,0.0116,0.0027985074626865,107.0,7
91709,San Bernardino,0.1162,0.0331,0.0467483692429333,3065.2,8
91710,San Bernardino,0.1068,0.0147,0.0057816199548483,297.4,7
91711,Los Angeles,0.0904,0.0151,0.0151738194994904,545.6,9
91722,Los Angeles,0.087,0.0154,0.0142566191446028,104.1,6
91723,Los Angeles,0.0907,0.0128,0.0097690941385435,66.8,5
91724,Los Angeles,0.0945,0.0192,0.0203440291101554,311.6,7
91730,San Bernardino,0.1188,0.019,0.0035879933490854,100.6,6
91731,Los Angeles,0.0747,0.0181,0.0414947828197039,141.0,3
91732,Los Angeles,0.0908,0.0178,0.0336283185840707,269.2,3
91733,Los Angeles,0.0983,0.0185,0.0442374854481955,239.1,3
91737,San Bernardino,0.1174,0.0281,0.0189341884257138,600.6,8
91739,San Bernardino,0.1261,0.0218,0.0143160127253446,645.2,9
91740,Los Angeles,0.0859,0.0154,0.0105575717584955,140.7,7
91741,Los Angeles,0.0865,0.0154,0.0335090361445783,902.4,8
91744,Los Angeles,0.1008,0.025,0.0415122821462879,558.3,6
91745,Los Angeles,0.0925,0.022,0.0301253390016858,980.4,7
91746,Los Angeles,0.0957,0.0249,0.0412116942585417,219.3,5
91748,Los Angeles,0.1119,0.0235,0.0225399662396981,888.6,5
91750,Los Angeles,0.0946,0.0215,0.0216463414634146,817.4,7
91752,Riverside,0.1291,0.0265,0.0127906976744186,321.4,8
91754,Los Angeles,0.0865,0.0186,0.0135963743001866,173.2,5
91755,Los Angeles,0.087,0.014,0.014928304851699,119.9,3
91759,Los Angeles,0.064,0.0274,0.5058365758754864,109.3,3
91761,San Bernardino,0.1069,0.0185,0.0073939833272924,261.5,6
91762,San Bernardino,0.1165,0.0179,0.0072422950028164,236.1,5
91763,San Bernardino,0.1042,0.0188,0.0094043887147335,74.8,4
91764,San Bernardino,0.1208,0.0226,0.0115008625646923,166.4,4
91765,Los Angeles,0.1184,0.0259,0.0492029297716501,1956.3,7
91766,Los Angeles,0.104,0.0232,0.0344968862667977,584.5,4
91767,Los Angeles,0.1044,0.02,0.0226572811262648,214.6,5
91768,Los Angeles,0.0987,0.0225,0.0323767476085356,218.2,5
91770,Los Angeles,0.085,0.0155,0.0245780508672318,379.7,4
91773,Los Angeles,0.0949,0.021,0.029824354591536,680.4,7
91775,Los Angeles,0.0821,0.0111,0.0078644888082274,116.5,8
91776,Los Angeles,0.0908,0.0156,0.0227772541627395,189.7,5
91780,Los Angeles,0.0906,0.0112,0.0107119671066868,163.2,6
91784,San Bernardino,0.0985,0.0154,0.0124463046591034,460.1,10
91786,San Bernardino,0.1111,0.0163,0.0050421897509775,114.2,5
91789,Los Angeles,0.1019,0.0189,0.0181802949061662,965.2,9
91790,Los Angeles,0.0883,0.0151,0.0145596947484687,184.2,6
91791,Los Angeles,0.0958,0.0167,0.0154819601507808,430.9,7
91792,Los Angeles,0.0968,0.0154,0.0130087344359784,135.8,6
91801,Los Angeles,0.0931,0.0125,0.0220015086748805,242.5,5
91803,Los Angeles,0.0788,0.0133,0.0193038455692354,159.7,6
91901,San Diego,0.1302,0.1112,0.4387943407832684,3437.4,8
91902,San Diego,0.1087,0.0299,0.0065697790165239,255.7,9
91905,San Diego,0.0859,0.1029,0.3497652582159624,112.1,1
91906,San Diego,0.1112,0.1102,0.3350785340314136,322.8,2
91910,San Diego,0.0997,0.0229,0.0023807806074597,220.6,6
91911,San Diego,0.1005,0.0242,0.0017439325679407,171.4,5
91913,San Diego,0.1045,0.0173,0.0031119409620343,383.6,9
91914,San Diego,0.1062,0.0329,0.0161874848997342,787.3,10
91915,San Diego,0.112,0.0189,0.0027773239666721,298.0,9
91916,San Diego,0.1125,0.0832,0.5756676557863502,366.5,6
91917,San Diego,0.1083,0.0745,0.4444444444444444,55.9,8
91931,San Diego,0.1,0.2883,0.0,41.6,7
91932,San Diego,0.1081,0.0203,0.0018824513700062,37.0,5
91934,San Diego,0.1714,0.0723,0.1182266009852216,15.7,1
91935,San Diego,0.0973,0.1251,0.4339834958739685,1927.3,9
91941,San Diego,0.1054,0.0184,0.0030491010409,230.6,7
91942,San Diego,0.1024,0.015,0.000800533689126,57.9,5
91945,San Diego,0.1146,0.02,0.0026796973518284,71.2,5
91950,San Diego,0.116,0.0334,0.0032459101532069,88.3,3
91962,San Diego,0.0874,0.1034,0.4552058111380145,373.9,7
91963,San Diego,0.1181,0.113,0.4657534246575342,53.7,2
91977,San Diego,0.1118,0.034,0.0074725616875535,461.5,6
91978,San Diego,0.123,0.0519,0.0616719963453631,384.4,8
92003,San Diego,0.131,0.0615,0.0969899665551839,695.3,8
92004,San Diego,0.1354,0.024,0.0112903225806451,54.2,5
92007,San Diego,0.1024,0.0171,0.0018192844147968,98.9,9
92008,San Diego,0.117,0.0168,0.0044766903365236,189.2,8
92009,San Diego,0.1206,0.0266,0.0090358878186002,1573.2,10
92010,San Diego,0.1283,0.0216,0.0053613553506326,197.6,8
92011,San Diego,0.111,0.0168,0.0024031240612796,317.1,9
92014,San Diego,0.1079,0.0251,0.0099284229969983,399.0,10
92019,San Diego,0.1235,0.044,0.0473822755191576,1893.1,7
92020,San Diego,0.1172,0.0229,0.0025596396027439,243.5,5
92021,San Diego,0.1166,0.0437,0.0481741115096185,1550.6,4
92024,San Diego,0.1022,0.0184,0.0082684489767794,1047.9,9
92025,San Diego,0.1305,0.0365,0.0234570998494731,775.9,5
92026,San Diego,0.1134,0.0674,0.0902893380895759,2839.4,7
92027,San Diego,0.1236,0.051,0.0368750535974616,1223.7,6
92028,San Diego,0.1226,0.0732,0.1102399459276782,4321.8,7
92029,San Diego,0.1184,0.0532,0.0651840490797546,1389.0,8
92036,San Diego,0.1519,0.0725,0.5179606025492468,877.5,4
92037,San Diego,0.1065,0.0228,0.0095986929439395,622.5,10
92040,San Diego,0.1137,0.0518,0.0476555757982548,1489.9,7
92054,San Diego,0.1103,0.0207,0.0037220843672456,174.5,4
92056,San Diego,0.1162,0.0225,0.0022998786175174,340.6,7
92057,San Diego,0.1167,0.0286,0.0075074040911908,812.6,7
92058,San Diego,0.1276,0.0317,0.008078335373317,266.0,4
92059,San Diego,0.1932,0.0942,0.6258992805755396,96.6,6
92060,San Diego,0.1157,0.097,0.5698924731182796,88.8,3
92061,San Diego,0.1669,0.1107,0.2852404643449419,327.4,7
92064,San Diego,0.1069,0.0329,0.0300785973397823,2340.1,9
92065,San Diego,0.1532,0.1098,0.2095160302225852,3857.1,8
92066,San Diego,0.1014,0.0608,0.1838235294117647,28.5,3
92067,San Diego,0.1522,0.0501,0.079703130041949,2187.5,10
92069,San Diego,0.1205,0.0374,0.020375549340791,888.3,7
92070,San Diego,0.1304,0.1148,0.4721189591078067,123.9,4
92071,San Diego,0.1047,0.0238,0.0134094151212553,845.5,7
92075,San Diego,0.106,0.0195,0.0052304674730304,182.0,9
92078,San Diego,0.1275,0.0336,0.0259729751598025,1825.4,9
92081,San Diego,0.1173,0.022,0.0042130604875112,182.6,7
92082,San Diego,0.1137,0.1193,0.2632015941547658,3199.3,9
92083,San Diego,0.1173,0.0261,0.0040663121676571,88.5,5
92084,San Diego,0.121,0.0359,0.0461464815701292,1453.8,6
92086,San Diego,0.2102,0.2197,0.6407766990291263,208.9,3
92091,San Diego,0.1668,0.0476,0.0579374275782155,526.5,10
92101,San Diego,0.1935,0.0149,0.0103412616339193,31.3,6
92102,San Diego,0.1095,0.0253,0.0235205992509363,154.4,3
92103,San Diego,0.1145,0.0189,0.0120085540384931,290.4,7
92104,San Diego,0.112,0.0164,0.0079115764979639,105.8,6
92105,San Diego,0.1033,0.0255,0.0181670557190703,317.5,3
92106,San Diego,0.0901,0.0137,0.0020453700260319,63.1,9
92107,San Diego,0.1002,0.015,0.0063829787234042,65.0,8
92108,San Diego,0.1575,0.0182,0.0039714058776806,29.9,7
92109,San Diego,0.1092,0.0154,0.0036674816625916,84.0,8
92110,San Diego,0.1011,0.0172,0.0056061667834618,73.6,7
92111,San Diego,0.0943,0.0179,0.0031821797931583,161.2,6
92113,San Diego,0.1115,0.0343,0.0359120155618734,163.3,2
92114,San Diego,0.0977,0.0309,0.0066321793341291,199.1,6
92115,San Diego,0.1132,0.0158,0.0052331113225499,295.0,4
92116,San Diego,0.1126,0.0162,0.0136159460976979,239.0,7
92117,San Diego,0.0937,0.0173,0.0029407645987956,270.4,7
92118,San Diego,0.091,0.0115,0.001070205479452,56.1,9
92119,San Diego,0.1004,0.021,0.0105835660737909,421.4,8
92120,San Diego,0.0992,0.022,0.0112064036592338,448.6,8
92121,San Diego,0.1297,0.0665,0.0227848101265822,141.2,8
92122,San Diego,0.0943,0.0169,0.0033427163969035,117.9,7
92123,San Diego,0.1008,0.015,0.0042000763650248,86.1,8
92124,San Diego,0.1006,0.0342,0.0151604646583973,504.4,7
92126,San Diego,0.0994,0.0268,0.0078616352201257,595.8,9
92127,San Diego,0.1293,0.0314,0.0158345591416457,2560.9,10
92128,San Diego,0.1159,0.0317,0.0096877432748032,925.6,9
92129,San Diego,0.1052,0.0396,0.0222088835534213,1621.3,10
92130,San Diego,0.1248,0.0316,0.0116201613500111,2365.6,10
92131,San Diego,0.1065,0.0771,0.0518966465090709,2095.8,10
92139,San Diego,0.1026,0.0266,0.003704847175054,53.6,6
92154,San Diego,0.1001,0.0331,0.0037149355572403,386.5,6
92173,San Diego,0.0995,0.0337,0.0081499592502037,48.2,2
92201,Riverside,0.1288,0.0258,0.0018241042345276,108.4,3
92203,Riverside,0.1402,0.0122,0.0010440928439482,80.8,7
92210,Riverside,0.1348,0.0194,0.0025641025641025,125.1,8
92211,Riverside,0.1371,0.0127,0.0003504775256286,59.1,6
92220,Riverside,0.1297,0.0516,0.0372193777077589,896.9,2
92223,Riverside,0.1209,0.037,0.0335889010587805,2136.4,6
92225,Riverside,0.1101,0.0292,0.0084313290437097,74.1,2
92227,Imperial,0.0834,0.0221,0.0050885789672069,49.0,2
92230,Riverside,0.1647,0.0855,0.1150278293135436,54.6,5
92231,Imperial,0.0852,0.0301,0.0139956936327283,93.9,2
92233,Imperial,0.0873,0.0358,0.0063694267515923,6.9,1
92234,Riverside,0.138,0.0222,0.0016052484645449,174.4,3
92236,Riverside,0.103,0.0363,0.0019441744202194,36.9,3
92239,Riverside,0.1053,0.0426,0.0063291139240506,5.4,1
92240,Riverside,0.1442,0.0328,0.0065014604730048,231.6,2
92241,Riverside,0.1831,0.0304,0.0091644204851752,92.6,1
92242,San Bernardino,0.1317,0.029,0.0060922541340295,33.7,1
92243,Imperial,0.1052,0.0269,0.0100330635047315,113.0,3
92249,Imperial,0.0877,0.0211,0.0046332046332046,5.6,3
92250,Imperial,0.09,0.0227,0.0052700922266139,11.3,3
92251,Imperial,0.0948,0.0159,0.0024785194976867,29.8,4
92252,San Bernardino,0.1503,0.0337,0.0207920792079207,207.6,2
92253,Riverside,0.1407,0.0174,0.0008849557522123,267.7,7
92254,Riverside,0.0959,0.0453,0.0079479768786127,17.8,1
92256,San Bernardino,0.1352,0.0498,0.044959128065395,122.3,1
92257,Imperial,0.1284,0.0239,0.0147058823529411,6.7,1
92258,Riverside,0.1484,0.0909,0.0161290322580645,7.3,2
92259,Imperial,0.0706,0.022,0.0068493150684931,1.4,1
92260,Riverside,0.1457,0.016,0.0023323615160349,189.6,4
92262,Riverside,0.1542,0.021,0.0031135327476926,255.4,3
92264,Riverside,0.1543,0.0219,0.004042917120199,375.5,4
92266,Imperial,0.1075,0.011,0.0,3.2,1
92267,San Bernardino,0.0942,0.0181,0.0043572984749455,10.9,1
92268,San Bernardino,0.1309,0.0357,0.1572700296735905,59.4,1
92270,Riverside,0.1388,0.019,0.0024956326428749,238.7,6
92273,Imperial,0.0712,0.0664,0.0,3.1,2
92274,Riverside,0.1391,0.0397,0.0096192384769539,58.0,1
92275,Imperial,0.1458,0.0336,0.0,0.7,1
92276,Riverside,0.1726,0.0214,0.0075261780104712,63.2,4
92277,San Bernardino,0.1475,0.0276,0.0113581048190816,149.3,2
92281,Imperial,0.0561,0.0135,0.010126582278481,1.7,1
92282,Riverside,0.1331,0.0688,0.1223021582733813,54.4,3
92283,Imperial,0.1586,0.0709,0.0163934426229508,4.7,1
92284,San Bernardino,0.1432,0.0269,0.0164151712887438,428.6,2
92285,San Bernardino,0.1368,0.0504,0.0638297872340425,62.8,1
92301,San Bernardino,0.1381,0.0339,0.0179882525697503,405.6,3
92305,San Bernardino,0.1169,0.0659,0.6252983293556086,168.2,5
92307,San Bernardino,0.1281,0.0331,0.0082994579945799,416.6,3
92308,San Bernardino,0.1327,0.031,0.0080407199763942,387.3,3
92311,San Bernardino,0.134,0.0353,0.006842372022301,125.0,2
92313,San Bernardino,0.1167,0.0278,0.0143322475570032,236.0,6
92314,San Bernardino,0.1794,0.1414,0.5906617740098696,3481.5,4
92315,San Bernardino,0.2003,0.1329,0.6351248089658685,4358.9,5
92316,San Bernardino,0.1261,0.039,0.0259140930067447,217.1,5
92317,San Bernardino,0.2047,0.1046,0.6417910447761194,101.9,8
92320,Riverside,0.1192,0.0895,0.0850111856823266,657.9,6
92321,San Bernardino,0.3025,0.1002,0.7631578947368421,173.0,6
92322,San Bernardino,0.3725,0.1162,0.833616298811545,301.4,4
92324,San Bernardino,0.1218,0.0385,0.0341777982496545,766.8,3
92325,San Bernardino,0.3245,0.1281,0.7832127902550438,2641.3,5
92327,San Bernardino,0.1197,0.0847,0.0222222222222222,5.1,1
92333,San Bernardino,0.215,0.1175,0.6881472957422324,459.8,6
92335,San Bernardino,0.119,0.0296,0.0201537502597132,381.2,4
92336,San Bernardino,0.1173,0.0232,0.0079061849820313,967.4,8
92337,San Bernardino,0.1215,0.0439,0.0163434565190876,399.0,7
92339,San Bernardino,0.1619,0.0856,0.6939443535188216,299.2,5
92341,San Bernardino,0.2084,0.0778,0.6957494407158836,374.7,2
92342,San Bernardino,0.144,0.0183,0.0066815144766146,50.9,7
92344,San Bernardino,0.1456,0.064,0.0777630708140304,883.8,6
92345,San Bernardino,0.13,0.0359,0.0127426626184561,795.9,3
92346,San Bernardino,0.1119,0.0327,0.0186902133922001,964.3,6
92347,San Bernardino,0.0866,0.0699,0.043859649122807,5.4,2
92352,San Bernardino,0.3034,0.1376,0.7597926961552368,6950.6,6
92354,San Bernardino,0.1283,0.0278,0.0134158926728586,421.7,5
92356,San Bernardino,0.1391,0.0569,0.0376344086021505,79.9,1
92358,San Bernardino,0.1319,0.0772,0.6986301369863014,131.9,3
92359,San Bernardino,0.1229,0.0378,0.0815979600509987,271.5,3
92363,San Bernardino,0.1204,0.0323,0.0082179930795847,43.1,1
92365,San Bernardino,0.1324,0.0326,0.0293159609120521,29.6,1
92368,San Bernardino,0.1518,0.0829,0.0256410256410256,15.5,2
92371,San Bernardino,0.1391,0.0596,0.1254480286738351,764.3,4
92372,San Bernardino,0.1375,0.065,0.1298904538341158,331.7,3
92373,San Bernardino,0.1097,0.0468,0.0578811973807296,1491.8,8
92374,San Bernardino,0.1043,0.0277,0.008574091332712,413.1,6
92376,San Bernardino,0.1154,0.0308,0.0163101604278074,372.1,4
92377,San Bernardino,0.1089,0.0453,0.0112670853343184,232.0,8
92378,San Bernardino,0.2479,0.0877,0.7276595744680852,101.9,3
92382,San Bernardino,0.2312,0.0964,0.7055144968732234,1762.4,4
92385,San Bernardino,0.1739,0.093,0.7046979865771812,136.0,5
92386,San Bernardino,0.1867,0.109,0.584870848708487,885.0,1
92391,San Bernardino,0.3222,0.1023,0.7555746140651801,644.9,5
92392,San Bernardino,0.1272,0.0258,0.0093457943925233,661.6,5
92394,San Bernardino,0.1362,0.0266,0.0086518453619537,275.8,4
92395,San Bernardino,0.1437,0.027,0.0092021799338872,277.4,2
92397,San Bernardino,0.1279,0.0676,0.5359550561797752,1074.8,4
92398,San Bernardino,0.1267,0.0552,0.0163487738419618,13.4,2
92399,San Bernardino,0.119,0.0624,0.083028481839561,2434.0,6
92401,San Bernardino,0.1982,0.0226,0.0650887573964497,9.4,1
92404,San Bernardino,0.1317,0.035,0.0386019346596094,693.8,3
92405,San Bernardino,0.1424,0.038,0.0391615209619759,289.5,2
92407,San Bernardino,0.1228,0.0454,0.0508990934759994,1271.2,5
92408,San Bernardino,0.1356,0.0471,0.0300751879699248,77.8,2
92410,San Bernardino,0.1316,0.0465,0.0439560439560439,267.8,2
92411,San Bernardino,0.1362,0.0442,0.0469676242590059,159.4,2
92501,Riverside,0.1284,0.035,0.0097087378640776,144.1,6
92503,Riverside,0.128,0.0406,0.0168469217970049,1463.7,6
92504,Riverside,0.1235,0.0343,0.010353327855382,648.7,6
92505,Riverside,0.1228,0.0386,0.0098921862843169,335.8,5
92506,Riverside,0.1202,0.0299,0.0073466476462196,919.8,8
92507,Riverside,0.1267,0.0361,0.0157381177211205,633.4,4
92508,Riverside,0.1212,0.0357,0.0060260411062089,650.0,9
92509,Riverside,0.1202,0.0461,0.0181784908192521,777.8,6
92530,Riverside,0.135,0.0699,0.0640265424255259,1914.9,5
92532,Riverside,0.1608,0.0554,0.0562147730643725,1277.6,8
92536,Riverside,0.1332,0.0598,0.3006416131989001,326.7,2
92539,Riverside,0.16,0.0571,0.4399260628465804,334.4,2
92543,Riverside,0.1481,0.0504,0.0142110050022737,383.7,1
92544,Riverside,0.1345,0.0599,0.0476342966936194,1279.0,3
92545,Riverside,0.1526,0.0473,0.0157648061354921,863.1,2
92548,Riverside,0.1581,0.0548,0.0925600468658465,248.5,2
92549,Riverside,0.1416,0.103,0.6705311404691291,2019.1,5
92551,Riverside,0.1203,0.0566,0.0104934770277935,340.9,6
92553,Riverside,0.1231,0.0504,0.011362792424805,412.8,4
92555,Riverside,0.1289,0.0466,0.0223915702323831,1399.4,7
92557,Riverside,0.1313,0.0556,0.0224403927068723,1109.9,6
92561,Riverside,0.1598,0.0571,0.3358778625954198,410.0,4
92562,Riverside,0.1376,0.0457,0.064874446085672,3640.2,8
92563,Riverside,0.1368,0.0377,0.0097978865291884,1524.3,8
92567,Riverside,0.1299,0.0652,0.0706940874035989,335.4,4
92570,Riverside,0.143,0.072,0.1065387278662577,1755.3,5
92571,Riverside,0.135,0.0621,0.0170573901352827,714.8,6
92582,Riverside,0.1379,0.0312,0.0142465753424657,284.8,5
92583,Riverside,0.1388,0.0456,0.015300117693213,361.7,3
92584,Riverside,0.1359,0.0358,0.0137971761421592,1212.6,8
92585,Riverside,0.1305,0.038,0.0088008800880088,524.5,6
92586,Riverside,0.1515,0.0427,0.0040798797509126,354.7,2
92587,Riverside,0.1535,0.0571,0.036697247706422,980.7,7
92590,Riverside,0.132,0.0608,0.4332084893882647,775.0,6
92591,Riverside,0.1295,0.0317,0.0043652872359001,427.2,8
92592,Riverside,0.1309,0.0365,0.0289188591642715,2718.7,9
92595,Riverside,0.1417,0.0577,0.0790744692800179,1395.5,7
92596,Riverside,0.1338,0.0321,0.0098760650658404,968.4,8
92602,Orange,0.1286,0.0161,0.0049284578696343,408.1,9
92603,Orange,0.1301,0.0167,0.007801743919229,581.9,10
92604,Orange,0.0978,0.0113,0.0019892580067634,65.9,9
92606,Orange,0.1104,0.0142,0.0008990110878034,26.5,9
92610,Orange,0.123,0.0445,0.0272757147551758,454.2,10
92612,Orange,0.1531,0.0197,0.0016068559185859,51.4,7
92614,Orange,0.111,0.0099,0.0017910447761194,33.9,8
92617,Orange,0.0947,0.0119,0.000956937799043,6.5,4
92618,Orange,0.1531,0.0171,0.0062293880542323,805.1,9
92620,Orange,0.1376,0.0109,0.003451184906818,334.1,9
92624,Orange,0.1218,0.0193,0.003085059497576,67.8,7
92625,Orange,0.123,0.0138,0.0024043715846994,138.1,10
92626,Orange,0.102,0.0132,0.0007786429365962,40.9,8
92627,Orange,0.1099,0.0154,0.0012279983626688,54.0,7
92629,Orange,0.1119,0.0144,0.003006696733634,173.4,9
92630,Orange,0.1161,0.0169,0.0038551013625789,391.7,8
92637,Orange,0.2294,0.0043,0.0085365853658536,34.0,3
92646,Orange,0.0938,0.0141,0.0010854297024645,76.5,9
92647,Orange,0.0963,0.0118,0.0009457484309173,57.2,7
92648,Orange,0.1096,0.0128,0.0009731833910034,86.4,9
92649,Orange,0.1029,0.0111,0.0010421491431218,74.5,8
92651,Orange,0.1269,0.0333,0.0667951916534361,2321.3,9
92653,Orange,0.118,0.0188,0.0037741545893719,175.5,9
92655,Orange,0.1359,0.0269,0.0021505376344086,22.8,3
92656,Orange,0.1266,0.0319,0.0094327757514778,530.4,9
92657,Orange,0.1377,0.0378,0.0393824826717076,1155.6,10
92660,Orange,0.1148,0.0168,0.0038240917782026,278.3,9
92661,Orange,0.1202,0.0179,0.0013377926421404,40.2,10
92662,Orange,0.1145,0.0173,0.0024350649350649,14.4,10
92663,Orange,0.1219,0.0153,0.0027974636329727,66.1,10
92672,Orange,0.1179,0.0213,0.0103183315038419,800.2,8
92673,Orange,0.1232,0.0252,0.0147076999134841,1330.5,10
92675,Orange,0.1157,0.0287,0.0112975391498881,1079.8,9
92676,Orange,0.21,0.06,0.7975206611570248,660.1,7
92677,Orange,0.1163,0.0214,0.0112537143579692,1150.5,9
92679,Orange,0.1502,0.0806,0.1522929867898185,4877.5,10
92683,Orange,0.1016,0.0134,0.0021811502697738,254.7,5
92688,Orange,0.1231,0.0413,0.0187742248062015,1092.2,9
92691,Orange,0.1046,0.0152,0.0014427701186277,153.6,9
92692,Orange,0.1174,0.0214,0.0031212841854934,482.5,9
92694,Orange,0.1377,0.0279,0.0151075658689871,1187.8,10
92701,Orange,0.1073,0.0239,0.0163528245787908,74.9,4
92703,Orange,0.1075,0.0289,0.0122476446837146,117.9,4
92704,Orange,0.1037,0.0223,0.0080510827318156,144.6,6
92705,Orange,0.0996,0.0166,0.0057488353652492,459.7,9
92706,Orange,0.0955,0.0196,0.0021182700794351,39.1,6
92707,Orange,0.1019,0.0212,0.009464125847295,108.6,6
92708,Orange,0.0924,0.0104,0.0012920824061445,116.2,8
92780,Orange,0.1036,0.0147,0.0007936507936507,69.5,7
92782,Orange,0.1124,0.0152,0.0045482737233822,157.7,9
92801,Orange,0.1122,0.0214,0.0042988437592647,92.1,5
92802,Orange,0.1107,0.0227,0.0026560424966799,42.2,5
92804,Orange,0.1097,0.019,0.0028874734607218,130.9,4
92805,Orange,0.1019,0.0233,0.0031527981083211,100.4,5
92806,Orange,0.1031,0.0145,0.0012872379551305,50.4,6
92807,Orange,0.1062,0.0186,0.0117634918997007,629.1,9
92808,Orange,0.1249,0.0229,0.0145611156685808,714.2,10
92821,Orange,0.0981,0.0212,0.0109866436880654,453.5,8
92823,Orange,0.1183,0.0332,0.0435670524166099,191.4,10
92831,Orange,0.1083,0.0101,0.0038209606986899,73.4,6
92832,Orange,0.1076,0.0194,0.0030387439858191,35.0,6
92833,Orange,0.1062,0.0144,0.0034217279726261,141.3,8
92835,Orange,0.099,0.0127,0.0029530618588747,93.9,9
92840,Orange,0.1081,0.0183,0.0010906314756243,79.5,6
92841,Orange,0.1039,0.0154,0.0009652509652509,72.9,5
92843,Orange,0.1108,0.0162,0.0017716218392655,73.5,5
92844,Orange,0.1149,0.0183,0.0017624250969333,35.3,4
92845,Orange,0.0743,0.011,0.0002003205128205,13.6,9
92860,Riverside,0.1161,0.0296,0.0078384082001808,423.6,8
92861,Orange,0.1071,0.0169,0.0024449877750611,72.7,10
92865,Orange,0.1039,0.0164,0.0011412919424788,19.8,9
92866,Orange,0.0959,0.0147,0.0009633911368015,27.3,5
92867,Orange,0.1001,0.0156,0.0034036759700476,318.5,9
92868,Orange,0.1108,0.0151,0.0025234318673395,23.0,6
92869,Orange,0.1042,0.0186,0.0039756782039289,347.4,10
92870,Orange,0.1008,0.0141,0.0023216358603446,102.6,8
92879,Riverside,0.1221,0.0306,0.0115888660240441,365.2,6
92880,Riverside,0.1296,0.0198,0.0078902646273367,1116.1,10
92881,Riverside,0.1272,0.0383,0.0147004323656578,815.1,9
92882,Riverside,0.1242,0.0375,0.0392517006802721,2000.3,7
92883,Riverside,0.1467,0.0549,0.0550491510277033,2269.0,9
92886,Orange,0.1003,0.0165,0.0094227681999022,1177.0,9
92887,Orange,0.1269,0.0252,0.0555457279320714,1157.3,10
93001,Ventura,0.0975,0.0249,0.0368128474366893,714.8,6
93003,Ventura,0.0968,0.0145,0.0064950880896322,580.1,7
93004,Ventura,0.0924,0.0109,0.002685546875,82.6,8
93010,Ventura,0.0999,0.0146,0.0038772757923128,368.6,8
93012,Ventura,0.1015,0.0174,0.0154327424400417,896.2,8
93013,Santa Barbara,0.0872,0.0232,0.0439760603695029,496.3,8
93015,Ventura,0.1016,0.0238,0.0349683172964092,297.0,5
93021,Ventura,0.1135,0.0221,0.0271806531624638,1031.1,9
93022,Ventura,0.1261,0.046,0.0491048593350383,379.7,7
93023,Ventura,0.128,0.0436,0.1188031680844822,2079.4,5
93030,Ventura,0.094,0.0138,0.0015688735487919,64.9,6
93033,Ventura,0.0882,0.0174,0.0037954093620097,106.8,5
93035,Ventura,0.1058,0.0129,0.0020199469763918,83.0,7
93036,Ventura,0.0969,0.0141,0.0039931545921277,58.5,6
93040,Ventura,0.0921,0.0379,0.055813953488372,44.9,5
93041,Ventura,0.0935,0.0117,0.001745708466686,27.4,4
93060,Ventura,0.0998,0.0326,0.0390433655092926,583.7,5
93063,Ventura,0.113,0.0183,0.0258532248136242,1293.6,8
93065,Ventura,0.1217,0.0231,0.0184380074380598,2055.1,8
93066,Ventura,0.0861,0.0275,0.0927573062261753,229.1,9
93067,Santa Barbara,0.1071,0.0269,0.0433673469387755,138.0,9
93101,Santa Barbara,0.113,0.0146,0.0082073434125269,242.5,5
93103,Santa Barbara,0.1235,0.0369,0.0605913717886573,1194.2,8
93105,Santa Barbara,0.1104,0.0414,0.1238990894163308,2304.9,9
93108,Santa Barbara,0.1593,0.0606,0.2533886583679114,3798.3,10
93109,Santa Barbara,0.0898,0.0139,0.0058587727412889,137.6,9
93110,Santa Barbara,0.1188,0.0295,0.0130718954248366,477.1,8
93111,Santa Barbara,0.1049,0.0191,0.0166666666666666,672.5,9
93117,Santa Barbara,0.0912,0.014,0.0251500428693912,557.4,6
93201,Tulare,0.1565,0.078,0.0,2.6,2
93202,Kings,0.0923,0.0239,0.0027624309392265,2.5,3
93203,Kern,0.1214,0.0271,0.0087744954665106,60.0,1
93204,Kings,0.0987,0.0259,0.0059563203176704,7.9,1
93205,Kern,0.1527,0.177,0.4260027662517289,123.0,1
93206,Kern,0.0909,0.021,0.02,8.0,3
93207,Tulare,0.1629,0.0788,0.6027874564459931,85.7,2
93208,Tulare,0.1048,0.0524,0.0,18.7,2
93210,Fresno,0.1084,0.0193,0.0084690553745928,33.5,4
93212,Kings,0.1076,0.0305,0.0055826936496859,9.0,1
93215,Kern,0.0953,0.0228,0.0044695365796283,37.9,2
93218,Tulare,0.1146,0.0535,0.0,3.4,4
93219,Tulare,0.0989,0.0308,0.0029962546816479,5.4,1
93221,Tulare,0.1109,0.0325,0.0015282730514518,40.4,4
93222,Kern,0.1218,0.047,0.4283236994219653,646.9,2
93223,Tulare,0.0935,0.0247,0.0023540489642184,10.0,2
93224,Kern,0.1747,0.0212,0.017094017094017,0.9,4
93225,Kern,0.1237,0.0504,0.2157894736842105,503.5,1
93226,Kern,0.0972,0.0556,0.3086419753086419,20.6,1
93230,Kings,0.1062,0.017,0.0009723175474719,68.1,4
93234,Fresno,0.1074,0.0246,0.0034188034188034,0.3,2
93235,Tulare,0.09,0.0235,0.001201923076923,2.4,2
93238,Kern,0.0998,0.0405,0.1430232558139534,173.9,1
93239,Kings,0.0933,0.0237,0.0072463768115942,2.0,1
93240,Kern,0.1109,0.0436,0.11875589066918,349.5,1
93241,Kern,0.1168,0.0366,0.0082417582417582,18.0,1
93242,Fresno,0.1065,0.0372,0.0022075055187637,1.1,3
93243,Kern,0.1322,0.0588,0.2751196172248804,91.1,2
93244,Tulare,0.1057,0.0438,0.048076923076923,11.1,5
93245,Kings,0.1049,0.0147,0.0005484711367064,7.8,4
93247,Tulare,0.0937,0.0487,0.0012221203788573,10.5,2
93249,Kern,0.0766,0.0571,0.0123456790123456,2.5,1
93250,Kern,0.0736,0.0237,0.0022909507445589,14.1,2
93252,Kern,0.1266,0.0357,0.0881542699724518,11.4,1
93254,Santa Barbara,0.1515,0.0495,0.1218274111675127,17.0,2
93255,Kern,0.1208,0.0331,0.0495049504950495,9.6,1
93256,Tulare,0.1014,0.0405,0.0062578222778473,4.5,2
93257,Tulare,0.095,0.0317,0.0055369637967751,207.5,2
93260,Tulare,0.1381,0.0854,0.6876971608832808,108.9,2
93263,Kern,0.1059,0.0196,0.0027333073018352,25.8,3
93265,Tulare,0.095,0.0937,0.2873855544252289,435.0,4
93266,Kings,0.1061,0.0268,0.0,8.9,1
93267,Tulare,0.1151,0.0576,0.0047755491881566,12.7,2
93268,Kern,0.1286,0.0344,0.0082587749483826,63.5,2
93270,Tulare,0.101,0.0321,0.0065573770491803,9.9,4
93271,Tulare,0.1094,0.0516,0.4351351351351351,466.6,4
93272,Tulare,0.1038,0.0298,0.0020120724346076,0.8,2
93274,Tulare,0.1007,0.0259,0.0009850060194812,41.3,3
93277,Tulare,0.1063,0.0234,0.0008309673845301,40.8,5
93280,Kern,0.0786,0.0228,0.0034166132820841,20.7,2
93283,Kern,0.0837,0.0317,0.0932330827067669,62.9,1
93285,Kern,0.1472,0.1984,0.488544474393531,284.5,1
93286,Tulare,0.0921,0.0351,0.0058881256133464,33.8,1
93287,Kern,0.08,0.0566,0.14,9.7,1
93291,Tulare,0.1103,0.0231,0.0012576243476073,49.3,5
93292,Tulare,0.1034,0.0233,0.0010917947425883,20.4,5
93301,Kern,0.1436,0.0398,0.0126903553299492,34.0,1
93304,Kern,0.1364,0.0299,0.0134240529606472,170.9,1
93305,Kern,0.1353,0.0382,0.0174426589754154,147.6,1
93306,Kern,0.1231,0.0273,0.0050761421319796,283.7,3
93307,Kern,0.1204,0.031,0.0139763661448023,217.6,2
93308,Kern,0.1268,0.0279,0.0071867822479069,197.7,3
93309,Kern,0.1271,0.0229,0.002999921054709,103.5,3
93311,Kern,0.1182,0.0149,0.0007408779403593,75.9,8
93312,Kern,0.1129,0.0162,0.0011964975254255,87.2,8
93313,Kern,0.1228,0.0166,0.0021555706103344,72.6,6
93314,Kern,0.1057,0.0131,0.0019076688286913,62.1,9
93401,San Luis Obispo,0.0959,0.0154,0.0139979515192898,467.8,6
93402,San Luis Obispo,0.0874,0.0149,0.0088320115356885,150.0,7
93405,San Luis Obispo,0.1044,0.0211,0.0178260027126525,343.2,2
93420,San Luis Obispo,0.0928,0.014,0.0200858034321372,503.8,7
93422,San Luis Obispo,0.0949,0.0368,0.0256586708611875,827.1,6
93424,San Luis Obispo,0.1003,0.0337,0.089527027027027,131.1,10
93426,Monterey,0.1207,0.0579,0.358913813459268,353.0,6
93427,Santa Barbara,0.1017,0.0148,0.0240889437924644,89.8,6
93428,San Luis Obispo,0.0944,0.0283,0.0472878998609179,356.7,6
93430,San Luis Obispo,0.0936,0.0187,0.0149833518312985,55.1,5
93432,San Luis Obispo,0.0788,0.0188,0.1336405529953917,71.7,6
93433,San Luis Obispo,0.0889,0.0129,0.0007505629221916,18.9,4
93434,Santa Barbara,0.0868,0.0158,0.0034090909090909,15.0,3
93436,Santa Barbara,0.1023,0.0174,0.0119621066152858,332.8,4
93440,Santa Barbara,0.1286,0.0264,0.0528301886792452,60.3,4
93441,Santa Barbara,0.1013,0.0202,0.1208226221079691,74.1,9
93442,San Luis Obispo,0.0852,0.017,0.0046436503129416,73.2,6
93444,San Luis Obispo,0.1,0.013,0.004595460242306,129.0,8
93445,San Luis Obispo,0.1074,0.0164,0.0004948045522018,11.3,2
93446,San Luis Obispo,0.1057,0.0207,0.0209850390573282,636.7,6
93449,San Luis Obispo,0.1064,0.0161,0.006769825918762,236.8,8
93450,Monterey,0.1,0.0435,0.075268817204301,8.0,6
93451,San Luis Obispo,0.0942,0.018,0.0375586854460093,74.0,6
93452,San Luis Obispo,0.1429,0.0395,0.1710526315789473,22.2,4
93453,San Luis Obispo,0.0949,0.0283,0.1616161616161616,137.9,6
93454,Santa Barbara,0.1001,0.0175,0.0089285714285714,114.6,5
93455,Santa Barbara,0.1033,0.0156,0.0027871078396341,165.4,7
93458,Santa Barbara,0.1106,0.022,0.0,61.9,5
93460,Santa Barbara,0.1097,0.0116,0.0788747931605074,371.1,8
93461,San Luis Obispo,0.0892,0.0173,0.0075757575757575,6.3,5
93463,Santa Barbara,0.1221,0.0154,0.0189592577652279,224.5,8
93465,San Luis Obispo,0.1091,0.0179,0.0188329731398579,190.4,8
93501,Kern,0.1205,0.0396,0.0162950257289879,43.8,1
93505,Kern,0.1457,0.029,0.0088835534213685,92.2,1
93510,Los Angeles,0.1261,0.0662,0.1890138408304498,829.4,8
93512,Mono,0.0727,0.0408,0.0652173913043478,2.2,6
93513,Inyo,0.0909,0.0137,0.0134453781512605,13.0,2
93514,Inyo,0.0831,0.0204,0.0113531047265987,166.1,5
93516,Kern,0.1148,0.0492,0.0049586776859504,13.4,2
93517,Mono,0.0886,0.0205,0.1348547717842323,89.8,4
93518,Kern,0.1256,0.0426,0.4344473007712082,85.8,1
93523,Kern,0.118,0.0511,0.018018018018018,13.9,3
93526,Inyo,0.0843,0.015,0.0132013201320132,7.5,2
93527,Kern,0.0938,0.0378,0.0362225097024579,40.7,5
93529,Mono,0.0771,0.038,0.3512544802867383,239.8,6
93531,Kern,0.1951,0.1111,0.4145077720207253,114.9,7
93532,Los Angeles,0.1722,0.0904,0.4431818181818182,367.5,6
93534,Los Angeles,0.1458,0.0233,0.0093457943925233,218.2,2
93535,Los Angeles,0.1328,0.0269,0.0103010186562893,492.4,3
93536,Los Angeles,0.1314,0.0226,0.0071453555189127,511.8,6
93541,Mono,0.0649,0.0591,0.2146892655367231,40.9,4
93543,Los Angeles,0.125,0.0386,0.0294467578822129,179.0,3
93544,Los Angeles,0.1216,0.0325,0.0964467005076142,38.7,4
93545,Inyo,0.0859,0.0366,0.0278745644599303,20.6,1
93546,Mono,0.1071,0.022,0.1451048951048951,1171.5,6
93549,Inyo,0.1099,0.012,0.0,2.5,1
93550,Los Angeles,0.1297,0.0239,0.0149781434816148,543.8,3
93551,Los Angeles,0.1322,0.0286,0.0259092867253369,1151.5,7
93552,Los Angeles,0.1173,0.02,0.0120408782758271,303.0,5
93553,Los Angeles,0.1187,0.0557,0.0698080279232111,59.7,4
93555,Kern,0.1052,0.0174,0.0028184892897406,137.6,5
93560,Kern,0.1271,0.0248,0.0052488994243142,89.1,5
93561,Kern,0.1388,0.0746,0.1047506370586093,1512.7,5
93562,San Bernardino,0.1209,0.0533,0.0078740157480314,11.6,3
93591,Los Angeles,0.1247,0.0383,0.0198497854077253,77.3,2
93601,Madera,0.1374,0.0718,0.3399715504978663,251.7,5
93602,Fresno,0.1385,0.0973,0.4662288930581613,402.1,6
93603,Tulare,0.1964,0.0405,0.6703296703296703,26.3,3
93604,Madera,0.1269,0.0568,0.4284243048403707,581.0,4
93606,Fresno,0.0882,0.0349,0.0,0.3,3
93608,Fresno,0.1037,0.02,0.0258620689655172,0.6,1
93609,Fresno,0.1054,0.0274,0.007380073800738,7.6,3
93610,Madera,0.1176,0.0201,0.0042885973763874,15.8,4
93611,Fresno,0.0939,0.0088,0.0002784158140182,22.4,8
93612,Fresno,0.1047,0.0154,0.0006920415224913,25.8,3
93614,Madera,0.1154,0.0853,0.2406404520838238,1283.0,5
93615,Tulare,0.0932,0.0215,0.003708281829419,4.6,2
93616,Fresno,0.1168,0.0323,0.0028818443804034,1.0,2
93618,Tulare,0.0875,0.0267,0.0009897723523589,12.3,2
93619,Fresno,0.1019,0.0125,0.0110852140299016,506.2,9
93620,Merced,0.1054,0.0274,0.0022872827081427,7.8,1
93621,Fresno,0.1364,0.0625,0.2567567567567567,15.4,3
93622,Fresno,0.0899,0.0241,0.0070197830248883,24.5,1
93623,Mariposa,0.1518,0.0675,0.4640522875816993,69.9,1
93625,Fresno,0.091,0.0206,0.000524934383202,8.0,3
93626,Fresno,0.1189,0.043,0.1029940119760479,215.8,7
93628,Fresno,0.0667,0.0337,0.4759615384615384,95.5,4
93630,Fresno,0.0885,0.0173,0.0038033143167617,11.9,3
93631,Fresno,0.0917,0.0242,0.001407789770061,5.8,5
93633,Tulare,0.0286,0.1193,0.5573770491803278,39.0,3
93634,Fresno,0.1647,0.0366,0.365079365079365,90.9,5
93635,Merced,0.0993,0.0138,0.0008200754469411,17.5,3
93636,Madera,0.0964,0.0199,0.0056297249477239,95.2,7
93637,Madera,0.1028,0.0177,0.0019036954087346,37.4,4
93638,Madera,0.1066,0.0243,0.0053072922195096,71.5,2
93640,Fresno,0.0972,0.02,0.0063473744950952,30.8,1
93641,Fresno,0.112,0.051,0.4475524475524475,31.5,3
93643,Madera,0.1311,0.1039,0.5204525674499565,477.1,4
93644,Madera,0.1286,0.0849,0.3063063063063063,1140.2,4
93645,Madera,0.0449,0.0577,0.3092783505154639,34.7,4
93646,Fresno,0.0655,0.029,0.0095447870778267,7.7,1
93647,Tulare,0.0929,0.0361,0.0075625363583478,12.8,1
93648,Fresno,0.0765,0.0357,0.0,7.7,2
93650,Fresno,0.1129,0.0262,0.0033632286995515,17.9,2
93651,Fresno,0.0947,0.0423,0.2424242424242424,146.9,6
93652,Fresno,0.08,0.0549,0.0,0.0,2
93653,Madera,0.1284,0.0549,0.2324159021406728,69.1,6
93654,Fresno,0.0931,0.0243,0.0022902012105349,26.4,4
93656,Fresno,0.098,0.0255,0.0020283975659229,3.5,2
93657,Fresno,0.0894,0.018,0.0057306590257879,97.3,4
93660,Fresno,0.09,0.0296,0.0094161958568738,3.1,1
93662,Fresno,0.0953,0.023,0.0013335555925987,22.1,2
93664,Fresno,0.1838,0.1056,0.654,1582.1,5
93667,Fresno,0.1157,0.0468,0.4245901639344262,182.2,5
93668,Fresno,0.1127,0.0104,0.0054054054054054,1.5,1
93669,Madera,0.1405,0.0328,0.5522388059701493,81.3,4
93673,Tulare,0.0859,0.0388,0.0,0.4,2
93675,Fresno,0.0797,0.0472,0.2593718338399189,205.2,3
93701,Fresno,0.1339,0.0381,0.0161787365177195,15.2,1
93702,Fresno,0.1165,0.0281,0.01,50.9,1
93703,Fresno,0.112,0.0213,0.0026173728120399,25.0,1
93704,Fresno,0.1081,0.0174,0.0019130910084722,21.1,3
93705,Fresno,0.1042,0.0179,0.0013065064018813,25.9,2
93706,Fresno,0.1106,0.0298,0.0119069426634914,53.5,1
93710,Fresno,0.1005,0.0135,0.0008579272477693,8.8,3
93711,Fresno,0.1001,0.0123,0.0010311211098612,47.5,7
93720,Fresno,0.1077,0.0115,7.582075972401244e-05,25.2,7
93721,Fresno,0.1441,0.0133,0.0329670329670329,2.6,1
93722,Fresno,0.1083,0.0162,0.0012975346841002,44.0,4
93723,Fresno,0.1114,0.0169,0.0027070925825663,11.0,7
93725,Fresno,0.1027,0.0274,0.0084532785012565,24.6,4
93726,Fresno,0.1093,0.018,0.0003885507058671,21.0,1
93727,Fresno,0.1048,0.0135,0.0010083855217068,45.7,5
93728,Fresno,0.1193,0.0215,0.007432970533581,26.9,1
93730,Fresno,0.1155,0.0094,0.0001950458357714,40.3,9
93737,Fresno,0.1033,0.0126,0.0008714596949891,13.8,7
93901,Monterey,0.0936,0.0105,0.0006808510638297,19.4,6
93905,Monterey,0.0771,0.0115,0.0007354743809757,33.0,4
93906,Monterey,0.0809,0.0117,0.0003572066440435,24.2,6
93907,Monterey,0.0856,0.0253,0.0670138888888888,613.8,7
93908,Monterey,0.0917,0.0208,0.0731591448931116,718.2,10
93920,Monterey,0.0769,0.0243,0.4549019607843137,200.0,4
93923,Monterey,0.1103,0.0309,0.1347674204817062,2105.2,9
93924,Monterey,0.0907,0.0395,0.2305487305487305,1386.2,10
93925,Monterey,0.0909,0.0201,0.081081081081081,29.0,6
93926,Monterey,0.0728,0.0223,0.0036923076923076,6.0,4
93927,Monterey,0.079,0.0154,0.0219068188830607,58.1,4
93930,Monterey,0.0914,0.0336,0.0143764627214978,142.3,4
93932,Monterey,0.062,0.0167,0.072463768115942,5.4,6
93933,Monterey,0.0946,0.0092,0.004058291828076,49.4,5
93940,Monterey,0.0834,0.0154,0.0286975717439293,714.0,8
93950,Monterey,0.0882,0.0084,0.0011269722013523,54.4,7
93953,Monterey,0.1292,0.0204,0.0302375809935205,308.5,9
93954,Monterey,0.1194,0.1053,0.0,4.3,5
93955,Monterey,0.0857,0.0125,0.0009505703422053,30.3,5
93960,Monterey,0.076,0.0127,0.0064274236743438,28.0,5
93962,Monterey,0.0779,0.0242,0.0,1.5,5
94002,San Mateo,0.0807,0.0093,0.002678970084834,152.4,10
94005,San Mateo,0.1025,0.0188,0.0134340890008396,53.5,9
94010,San Mateo,0.0905,0.0146,0.0073543101843232,798.8,10
94014,San Mateo,0.0876,0.0104,0.0024774774774774,181.4,8
94015,San Mateo,0.078,0.0073,0.0013395319517768,53.0,9
94018,San Mateo,0.0788,0.0226,0.0,36.6,10
94019,San Mateo,0.0834,0.0113,0.0179195804195804,199.3,10
94020,San Mateo,0.0974,0.0446,0.1769230769230769,135.6,10
94021,San Mateo,0.1143,0.027,0.3466666666666667,24.4,10
94022,Santa Clara,0.1057,0.0174,0.0179099572790009,876.6,10
94024,Santa Clara,0.0909,0.0124,0.0117080785742162,566.4,10
94025,San Mateo,0.0934,0.0101,0.0016278847074595,203.9,10
94027,San Mateo,0.1031,0.0144,0.0067811934900542,157.1,10
94028,San Mateo,0.1275,0.0482,0.054005400540054,690.8,10
94030,San Mateo,0.0912,0.0074,0.0029652886795743,128.4,10
94037,San Mateo,0.0754,0.0079,0.0126582278481012,58.8,10
94038,San Mateo,0.1016,0.0125,0.0095036958817317,25.4,10
94040,Santa Clara,0.0859,0.008,0.0007480830372171,23.0,10
94041,Santa Clara,0.0917,0.0093,0.0,5.1,10
94043,Santa Clara,0.1056,0.0099,0.0007403751233958,12.1,10
94044,San Mateo,0.0692,0.0106,0.0098772269915997,399.5,10
94060,San Mateo,0.0964,0.0615,0.2493438320209973,116.4,10
94061,San Mateo,0.0829,0.0081,0.0008534503779565,78.3,10
94062,San Mateo,0.0863,0.0172,0.0312904364192447,1033.0,10
94063,San Mateo,0.0879,0.0117,0.0025412960609911,28.0,8
94065,San Mateo,0.0826,0.0068,0.0004286326618088,8.1,10
94066,San Mateo,0.0845,0.0069,0.0013085052843482,176.1,9
94070,San Mateo,0.0865,0.0088,0.0052142371344366,255.3,10
94074,San Mateo,0.05,0.0417,0.2985074626865671,21.1,10
94080,San Mateo,0.0795,0.0073,0.0007076640011322,126.5,9
94085,Santa Clara,0.0993,0.014,0.0003552397868561,8.0,10
94086,Santa Clara,0.0965,0.008,0.0007375719132615,25.5,10
94087,Santa Clara,0.0791,0.0074,0.0002365744026496,41.8,10
94089,Santa Clara,0.1439,0.0129,0.000515995872033,16.5,10
94102,San Francisco,0.1013,0.0169,0.0093603744149766,25.1,4
94103,San Francisco,0.1086,0.0174,0.011866235167206,41.3,9
94105,San Francisco,0.1253,0.027,0.0068965517241379,5.5,10
94107,San Francisco,0.1001,0.0115,0.003207412687099,43.5,10
94108,San Francisco,0.1045,0.014,0.005050505050505,8.1,3
94109,San Francisco,0.116,0.009,0.0064820271066588,85.6,8
94110,San Francisco,0.0908,0.0108,0.0048974594429139,319.9,10
94111,San Francisco,0.1856,0.0,0.0131578947368421,1.5,9
94112,San Francisco,0.0854,0.0094,0.0018435303606406,293.9,9
94114,San Francisco,0.0859,0.009,0.0024718059632318,210.3,10
94115,San Francisco,0.1036,0.0135,0.0070230198985563,119.6,10
94116,San Francisco,0.0772,0.0123,0.0008322614814254,139.1,10
94117,San Francisco,0.088,0.0176,0.0066411238825031,233.1,10
94118,San Francisco,0.0879,0.01,0.0031975765735442,209.2,10
94121,San Francisco,0.0817,0.0101,0.0018265952264978,164.1,9
94122,San Francisco,0.0789,0.0093,0.0015717386423171,198.4,9
94123,San Francisco,0.1022,0.0114,0.0056142668428005,140.6,10
94124,San Francisco,0.0899,0.0164,0.0060806115357887,88.9,6
94127,San Francisco,0.0818,0.0072,0.0008591065292096,139.6,10
94131,San Francisco,0.0853,0.0106,0.0026734205712677,156.4,10
94132,San Francisco,0.0874,0.0109,0.0016673614005835,57.8,8
94133,San Francisco,0.0829,0.0203,0.009933774834437,86.1,7
94134,San Francisco,0.0831,0.0094,0.0017075253079643,141.5,7
94158,San Francisco,0.1636,0.015,0.0306748466257668,5.8,10
94301,Santa Clara,0.0859,0.0112,0.0028288543140028,86.7,10
94303,Santa Clara,0.0981,0.0129,0.0014410819199645,64.4,10
94304,Santa Clara,0.1194,0.0286,0.0338983050847457,43.2,10
94305,Santa Clara,0.065,0.0161,0.004594180704441,47.3,9
94306,Santa Clara,0.093,0.0078,0.0007730364873222,57.0,10
94401,San Mateo,0.0926,0.008,0.0014147130153597,49.6,9
94402,San Mateo,0.0808,0.0089,0.0033464280517968,182.7,10
94403,San Mateo,0.0804,0.0066,0.00151171579743,64.5,10
94404,San Mateo,0.0934,0.0063,0.0005046257359125,21.5,10
94501,Alameda,0.0847,0.0072,0.0065081351689612,242.5,8
94502,Alameda,0.0864,0.0072,0.0005707762557077,9.8,10
94503,Napa,0.0915,0.0128,0.0003762227238525,42.1,8
94505,Contra Costa,0.1353,0.0088,0.0006831767719897,44.8,10
94506,Contra Costa,0.1234,0.0217,0.0181312863949179,2426.5,10
94507,Contra Costa,0.1111,0.0191,0.0209006270188105,1943.6,10
94508,Napa,0.1266,0.0439,0.3034013605442177,528.3,8
94509,Contra Costa,0.1054,0.0127,0.0017530532343832,153.9,5
94510,Solano,0.0885,0.0084,0.0009892419933226,117.5,8
94511,Contra Costa,0.1107,0.0257,0.031798245614035,27.9,7
94513,Contra Costa,0.1161,0.0096,0.0015101462954223,218.1,9
94514,Contra Costa,0.101,0.0314,0.0074257425742574,5.5,6
94515,Napa,0.0939,0.0282,0.133419689119171,917.8,6
94517,Contra Costa,0.0965,0.0112,0.0135836008891084,356.3,10
94518,Contra Costa,0.104,0.0121,0.0016218407892958,33.5,8
94519,Contra Costa,0.1015,0.0084,0.001017984390906,14.0,8
94520,Contra Costa,0.1085,0.0162,0.0012757426644796,26.2,5
94521,Contra Costa,0.093,0.0079,0.0014306151645207,128.8,9
94523,Contra Costa,0.0987,0.0089,0.0020585048754062,186.9,9
94525,Contra Costa,0.1005,0.0171,0.0138408304498269,110.4,7
94526,Contra Costa,0.1182,0.0153,0.00522270398108,1310.4,10
94528,Contra Costa,0.1133,0.0338,0.0359116022099447,315.7,10
94530,Contra Costa,0.0933,0.0114,0.0062333036509349,555.7,9
94531,Contra Costa,0.1042,0.0169,0.0007378984651711,168.9,8
94533,Solano,0.0978,0.0133,0.001081081081081,105.2,6
94534,Solano,0.1054,0.0137,0.0073650395674998,538.2,9
94536,Alameda,0.1106,0.0076,0.0013026189496777,84.4,10
94538,Alameda,0.1033,0.0103,0.0009471490812653,28.9,9
94539,Alameda,0.0992,0.0089,0.0012177650429799,171.0,10
94541,Alameda,0.0971,0.0142,0.0063258676696871,157.6,7
94542,Alameda,0.1102,0.0207,0.0110759493670886,295.1,9
94544,Alameda,0.1126,0.0131,0.0014371076317978,126.0,7
94545,Alameda,0.1081,0.0102,0.0020975353959098,29.2,8
94546,Alameda,0.0945,0.0122,0.0029414236490461,335.0,9
94547,Contra Costa,0.0979,0.0141,0.0013119055428009,111.7,9
94549,Contra Costa,0.1237,0.0208,0.0290551361244566,3778.2,10
94550,Alameda,0.0931,0.0067,0.0026943549976999,102.1,10
94551,Alameda,0.104,0.0095,0.0026310660689923,253.5,9
94552,Alameda,0.0891,0.0244,0.0338903271357966,640.1,10
94553,Contra Costa,0.0985,0.0117,0.0054182187605824,750.4,8
94555,Alameda,0.1058,0.0062,0.0004752851711026,22.0,10
94556,Contra Costa,0.0993,0.0133,0.0114017437961099,1092.8,10
94558,Napa,0.0876,0.0147,0.0260392156862745,1415.3,7
94559,Napa,0.093,0.0124,0.0049323562570462,117.8,7
94560,Alameda,0.1053,0.0078,0.0005204718945176,20.0,10
94561,Contra Costa,0.1015,0.0138,0.0030323200946675,67.8,9
94563,Contra Costa,0.1386,0.0282,0.0506630904485173,5651.8,10
94564,Contra Costa,0.0888,0.0115,0.0027932960893854,152.1,8
94565,Contra Costa,0.0993,0.0191,0.0023034189964319,225.8,6
94566,Alameda,0.1078,0.012,0.0023203778901135,621.5,10
94567,Napa,0.0744,0.0476,0.6493506493506493,143.6,6
94568,Alameda,0.1341,0.0103,0.001088534107402,372.2,10
94569,Contra Costa,0.0568,0.0,0.0853658536585365,13.7,7
94571,Solano,0.1016,0.0135,0.0003824823101931,11.7,4
94572,Contra Costa,0.0948,0.0136,0.003690036900369,17.0,5
94574,Napa,0.1016,0.0306,0.1544199925400969,1101.6,9
94576,Napa,0.1132,0.0308,0.3,35.6,8
94577,Alameda,0.0902,0.0084,0.0018204988166757,162.8,8
94578,Alameda,0.0923,0.011,0.001448225923244,64.8,5
94579,Alameda,0.0988,0.0097,0.0003286230693394,32.9,6
94580,Alameda,0.0848,0.0089,0.0007839038411288,33.9,7
94582,Contra Costa,0.1318,0.0095,0.0010878164556962,210.1,10
94583,Contra Costa,0.1033,0.0119,0.006482982171799,587.6,10
94585,Solano,0.0987,0.0119,0.0019920318725099,32.1,6
94586,Alameda,0.1045,0.0217,0.1441717791411043,121.7,10
94587,Alameda,0.0998,0.0094,0.0004621682292354,84.3,9
94588,Alameda,0.1033,0.0101,0.0050870147255689,405.5,10
94589,Solano,0.0932,0.0139,0.0019503315563645,29.3,5
94590,Solano,0.1062,0.0193,0.0055401662049861,86.3,3
94591,Solano,0.0999,0.0117,0.0021843599825251,136.8,7
94592,Solano,0.1053,0.0115,0.0,6.6,7
94595,Contra Costa,0.1221,0.0129,0.0148174918684495,239.5,8
94596,Contra Costa,0.0948,0.0092,0.0023747328425552,131.4,9
94597,Contra Costa,0.103,0.0113,0.0048756704046806,132.3,9
94598,Contra Costa,0.0957,0.0073,0.0028,169.1,10
94599,Napa,0.1078,0.0173,0.01187648456057,31.2,4
94601,Alameda,0.0998,0.0172,0.0179787523835467,236.5,3
94602,Alameda,0.0938,0.0118,0.0090122566690699,398.9,8
94603,Alameda,0.0992,0.0171,0.0097639172252987,94.9,4
94605,Alameda,0.1015,0.017,0.0165165165165165,619.8,7
94606,Alameda,0.0995,0.0118,0.0121923684804696,206.4,4
94607,Alameda,0.1246,0.0216,0.0274428274428274,118.2,6
94608,Alameda,0.1111,0.0187,0.0141357027463651,157.3,8
94609,Alameda,0.1044,0.0187,0.01044703595724,147.6,8
94610,Alameda,0.0921,0.0115,0.0043960244648318,272.1,9
94611,Alameda,0.1035,0.0301,0.1125132453520855,4597.3,10
94612,Alameda,0.1285,0.012,0.0364025695931477,28.9,4
94618,Alameda,0.0876,0.0086,0.0036835982939123,381.8,10
94619,Alameda,0.0925,0.0154,0.0169514695830485,549.2,8
94621,Alameda,0.1064,0.0193,0.0167378917378917,135.7,2
94702,Alameda,0.0864,0.0116,0.0042063316360416,71.4,7
94703,Alameda,0.087,0.0131,0.0088516746411483,147.1,7
94704,Alameda,0.094,0.0132,0.0341614906832298,204.8,2
94705,Alameda,0.0877,0.013,0.0295566502463054,1036.0,10
94706,Alameda,0.0797,0.0075,0.0028710247349823,80.6,9
94707,Alameda,0.0733,0.01,0.0057330057330057,749.1,10
94708,Alameda,0.0973,0.0184,0.0415805191821732,1352.1,10
94709,Alameda,0.074,0.0068,0.0128307939053728,142.7,5
94710,Alameda,0.1057,0.0131,0.0174703004891684,34.7,8
94801,Contra Costa,0.1068,0.024,0.0128017556693489,113.5,4
94803,Contra Costa,0.0939,0.0143,0.0105505207628838,563.2,8
94804,Contra Costa,0.0973,0.0177,0.0057034220532319,142.1,5
94805,Contra Costa,0.088,0.0122,0.0092342342342342,145.9,8
94806,Contra Costa,0.0931,0.0156,0.0052092228864218,113.8,5
94901,Marin,0.0874,0.0134,0.0068823124569855,429.1,8
94903,Marin,0.0785,0.0095,0.0033346672002134,286.1,9
94904,Marin,0.1092,0.0195,0.013671875,337.5,10
94920,Marin,0.1062,0.0222,0.0062721570766293,236.1,10
94922,Sonoma,0.0899,0.0115,0.1170212765957446,24.4,9
94923,Sonoma,0.1014,0.0198,0.0259849119865884,109.4,9
94924,Marin,0.0787,0.0091,0.0253807106598984,47.8,7
94925,Marin,0.084,0.0164,0.0151291512915129,241.1,10
94928,Sonoma,0.0884,0.008,0.0003741814780168,48.8,7
94929,Marin,0.0714,0.0119,0.0193548387096774,30.4,8
94930,Marin,0.0918,0.0208,0.030827848978178,372.7,9
94931,Sonoma,0.0859,0.0112,0.0016366612111292,26.8,7
94933,Marin,0.0667,0.0307,0.1393939393939394,59.1,9
94937,Marin,0.0788,0.0423,0.3157894736842105,451.5,4
94938,Marin,0.0536,0.0596,0.0984848484848484,67.3,9
94939,Marin,0.1024,0.0159,0.0181915462814339,222.6,10
94940,Marin,0.061,0.0778,0.1538461538461538,27.6,8
94941,Marin,0.0894,0.0212,0.0330587241233629,1541.4,10
94945,Marin,0.0871,0.0096,0.0078229345544743,308.9,7
94946,Marin,0.1106,0.0173,0.1587982832618025,75.9,9
94947,Marin,0.0831,0.0103,0.0053819703991628,340.4,8
94949,Marin,0.1047,0.011,0.0062845651080945,191.7,8
94951,Sonoma,0.0824,0.0148,0.020393811533052,110.6,8
94952,Sonoma,0.0777,0.0112,0.0075262428203604,272.4,8
94954,Sonoma,0.0825,0.0069,0.0021780560849441,105.3,7
94956,Marin,0.0742,0.0243,0.1059602649006622,86.7,6
94957,Marin,0.121,0.0218,0.0178837555886736,108.5,10
94960,Marin,0.0934,0.018,0.0085254795582251,324.8,10
94963,Marin,0.082,0.0391,0.0340425531914893,30.5,9
94965,Marin,0.0941,0.0235,0.1173009023146331,621.4,9
94970,Marin,0.1122,0.0176,0.0311890838206627,92.7,7
94971,Marin,0.0741,0.0,0.0294117647058823,3.3,8
94972,Sonoma,0.1731,0.0172,0.025,1.7,9
94973,Marin,0.0897,0.0321,0.0907563025210084,87.2,9
95002,Santa Clara,0.1208,0.0249,0.0124688279301745,10.5,5
95003,Santa Cruz,0.0973,0.0157,0.0309289861545332,1815.6,9
95004,Monterey,0.0849,0.0328,0.046551724137931,136.8,9
95005,Santa Cruz,0.0897,0.0247,0.170464904284412,1160.1,8
95006,Santa Cruz,0.1127,0.05,0.2527802825368199,1594.6,9
95007,Santa Cruz,0.1012,0.0444,0.0,162.8,8
95008,Santa Clara,0.098,0.0083,0.0006075334143377,25.4,9
95010,Santa Cruz,0.0801,0.0096,0.0011094674556213,15.1,6
95012,Monterey,0.0811,0.0153,0.0117370892018779,40.1,6
95014,Santa Clara,0.0941,0.009,0.0038102353380649,346.0,10
95017,Santa Cruz,0.071,0.0219,0.120253164556962,32.3,10
95018,Santa Cruz,0.1043,0.0399,0.2038732394366197,1566.9,8
95019,Santa Cruz,0.0707,0.0037,0.0,8.1,4
95020,Santa Clara,0.1033,0.0155,0.0065068720536484,576.3,9
95023,San Benito,0.0923,0.0115,0.0030959752321981,222.6,7
95030,Santa Clara,0.1238,0.0295,0.065004659832246,1356.1,10
95032,Santa Clara,0.1,0.0137,0.0127457627118644,557.8,10
95033,Santa Cruz,0.11,0.0722,0.2044198895027624,3216.3,10
95035,Santa Clara,0.1009,0.0118,0.000444872840513,122.4,10
95037,Santa Clara,0.1035,0.0143,0.0183282208588957,822.5,10
95039,Monterey,0.0462,0.0208,0.003731343283582,3.9,5
95041,Santa Cruz,0.1227,0.0356,0.0,109.5,8
95043,San Benito,0.1042,0.0361,0.3829787234042553,55.5,8
95045,San Benito,0.0926,0.0252,0.0269299820466786,104.8,7
95046,Santa Clara,0.0883,0.0213,0.0160750167448091,101.8,10
95050,Santa Clara,0.0963,0.0106,0.0005905802450908,32.2,9
95051,Santa Clara,0.0962,0.0063,0.0003588409437516,31.5,10
95054,Santa Clara,0.1105,0.0092,0.0003429355281207,9.1,10
95060,Santa Cruz,0.0816,0.0142,0.033452807646356,2239.4,7
95062,Santa Cruz,0.0728,0.0086,0.0015238095238095,72.0,7
95064,Santa Cruz,0.05,0.0,0.0272727272727272,7.6,9
95065,Santa Cruz,0.0901,0.0152,0.0571553228621291,840.2,9
95066,Santa Cruz,0.0946,0.0278,0.0961666297363173,2058.4,9
95070,Santa Clara,0.0963,0.0169,0.0192177035814811,1509.6,10
95073,Santa Cruz,0.1004,0.0245,0.0593567251461988,1097.6,8
95075,San Benito,0.1264,0.0309,0.0421686746987951,21.4,8
95076,Santa Cruz,0.0732,0.0166,0.0199571472298745,1087.7,6
95110,Santa Clara,0.0845,0.0168,0.0133444537114261,29.5,7
95111,Santa Clara,0.1042,0.0148,0.0026205450733752,60.6,7
95112,Santa Clara,0.1057,0.0147,0.0076465590484282,82.3,7
95116,Santa Clara,0.0932,0.0156,0.0051329911339244,48.4,5
95117,Santa Clara,0.0974,0.0065,0.0007610350076103,26.7,9
95118,Santa Clara,0.0921,0.0081,0.0015615615615615,35.5,9
95119,Santa Clara,0.0885,0.0081,0.0003586800573888,24.2,10
95120,Santa Clara,0.0845,0.0105,0.0061121665152391,520.4,10
95121,Santa Clara,0.0992,0.0125,0.0012423903590508,49.3,9
95122,Santa Clara,0.0879,0.016,0.0031564890129901,59.8,7
95123,Santa Clara,0.1026,0.0085,0.0007499829549328,55.0,9
95124,Santa Clara,0.0923,0.0078,0.0005537865152983,56.4,10
95125,Santa Clara,0.1062,0.0084,0.0010651139671944,58.9,10
95126,Santa Clara,0.1029,0.0096,0.0057227638830012,48.5,9
95127,Santa Clara,0.0957,0.0154,0.0048508946322067,193.5,9
95128,Santa Clara,0.0983,0.0104,0.0013108068744538,32.7,9
95129,Santa Clara,0.089,0.0058,0.0004520284777941,35.4,10
95130,Santa Clara,0.091,0.0083,0.0,3.7,10
95131,Santa Clara,0.0948,0.0116,0.0007178750897343,15.9,10
95132,Santa Clara,0.0922,0.0092,0.001592039800995,76.9,10
95133,Santa Clara,0.0923,0.0083,0.0013357079252003,18.8,9
95134,Santa Clara,0.1799,0.0363,0.0012953367875647,9.0,10
95135,Santa Clara,0.1066,0.011,0.0022114108801415,92.4,10
95136,Santa Clara,0.1109,0.0095,0.0003584657665192,37.3,9
95138,Santa Clara,0.1079,0.0133,0.0021915406530791,125.2,10
95139,Santa Clara,0.0898,0.0112,0.0016277807921866,5.3,10
95140,Santa Clara,0.1197,0.0081,0.1818181818181818,35.8,10
95148,Santa Clara,0.1007,0.0107,0.0011837552358404,150.9,10
95202,San Joaquin,0.1294,0.0462,0.0321100917431192,17.5,1
95203,San Joaquin,0.1189,0.0368,0.0145175064047822,43.2,2
95204,San Joaquin,0.1078,0.0221,0.0037297060114085,45.2,4
95205,San Joaquin,0.1189,0.0389,0.0129470580694782,66.2,2
95206,San Joaquin,0.1082,0.0278,0.0058771870566777,78.4,5
95207,San Joaquin,0.1092,0.0217,0.0018470230334637,36.7,3
95209,San Joaquin,0.1039,0.0133,0.0006641760066417,31.2,7
95210,San Joaquin,0.1073,0.0237,0.0008506501397496,24.9,2
95212,San Joaquin,0.1003,0.0121,0.0007836990595611,26.0,7
95215,San Joaquin,0.1074,0.0326,0.0063821300358994,45.1,4
95219,San Joaquin,0.1012,0.0132,0.0006269592476489,20.0,8
95220,San Joaquin,0.0941,0.022,0.0033575825405707,15.4,7
95222,Calaveras,0.1215,0.0336,0.2030534351145038,540.3,3
95223,Calaveras,0.146,0.1123,0.6145470383275261,3940.7,6
95225,Calaveras,0.1095,0.0702,0.0,25.7,6
95227,San Joaquin,0.1059,0.025,0.0,6.2,8
95228,Calaveras,0.1186,0.0502,0.2273469387755102,859.5,7
95230,San Joaquin,0.0851,0.0194,0.0434782608695652,7.1,6
95231,San Joaquin,0.0855,0.0444,0.0055350553505535,6.3,6
95232,Calaveras,0.1008,0.0748,0.4016393442622951,44.6,3
95236,San Joaquin,0.0984,0.0198,0.0042553191489361,7.7,7
95237,San Joaquin,0.1112,0.0195,0.0009803921568627,6.4,5
95240,San Joaquin,0.1087,0.0175,0.0005749329244921,34.3,4
95242,San Joaquin,0.0994,0.0097,0.0003294531078409,24.3,7
95245,Calaveras,0.1493,0.0667,0.408433734939759,282.5,3
95246,Calaveras,0.1314,0.0599,0.449438202247191,250.2,2
95247,Calaveras,0.1634,0.084,0.5047348484848485,1266.8,3
95249,Calaveras,0.122,0.0423,0.2372013651877133,292.5,2
95251,Calaveras,0.092,0.0547,0.5132075471698113,122.0,3
95252,Calaveras,0.1148,0.0383,0.0943284757778653,605.8,5
95253,San Joaquin,0.1455,0.0408,0.0,1.4,7
95254,Calaveras,0.1007,0.0409,0.0,18.3,5
95255,Calaveras,0.1414,0.1084,0.5347517730496454,293.0,3
95257,Calaveras,0.2282,0.1429,0.6408163265306123,95.2,3
95258,San Joaquin,0.103,0.0133,0.000786782061369,6.7,7
95301,Merced,0.0996,0.0154,0.0007651945780498,15.9,3
95303,Merced,0.1515,0.0319,0.0129870129870129,1.1,7
95304,San Joaquin,0.1048,0.0116,0.0012426219322771,31.6,9
95306,Mariposa,0.0678,0.0357,0.2044025157232704,95.8,3
95307,Stanislaus,0.0998,0.017,0.0008178286648947,36.8,4
95310,Tuolumne,0.1431,0.1258,0.4632683658170914,291.6,2
95311,Mariposa,0.1343,0.1307,0.4757281553398058,221.9,4
95313,Stanislaus,0.0994,0.0279,0.0061728395061728,3.1,2
95315,Merced,0.0866,0.0166,0.0003775009437523,11.4,4
95316,Stanislaus,0.0956,0.0173,0.0,9.2,7
95318,Mariposa,0.1268,0.0482,0.532608695652174,38.8,1
95319,Stanislaus,0.1132,0.0211,0.0,1.5,1
95320,San Joaquin,0.0972,0.0125,0.0056764427625354,12.6,5
95321,Tuolumne,0.1798,0.0893,0.6257505003335557,1667.3,4
95322,Merced,0.0937,0.0159,0.0012626262626262,9.5,2
95323,Stanislaus,0.0699,0.0385,0.0094786729857819,1.1,6
95324,Merced,0.0754,0.0188,0.0005727376861397,6.1,4
95326,Stanislaus,0.0983,0.0131,0.0007902015013828,12.2,6
95327,Tuolumne,0.1068,0.097,0.2840785169029444,517.9,3
95328,Stanislaus,0.1262,0.0218,0.0,6.5,3
95329,Stanislaus,0.1099,0.1066,0.2332123411978221,281.2,4
95330,San Joaquin,0.1121,0.0135,0.0001029230135858,9.9,8
95333,Merced,0.1069,0.0333,0.0041322314049586,4.4,1
95334,Merced,0.0921,0.0191,0.0014762326542663,16.0,4
95335,Tuolumne,0.1379,0.0966,0.7344013490725126,608.3,2
95336,San Joaquin,0.1018,0.0122,0.0004401085601114,39.6,5
95337,San Joaquin,0.1098,0.0108,0.0011451255821055,37.3,8
95338,Mariposa,0.113,0.0603,0.3937068303914044,1421.5,2
95340,Merced,0.1122,0.0143,0.0013150479053165,29.4,3
95341,Merced,0.1052,0.0171,0.0016207455429497,16.8,2
95345,Mariposa,0.1329,0.0616,0.5616438356164384,91.6,2
95346,Tuolumne,0.144,0.1622,0.6607476635514019,538.2,6
95348,Merced,0.1175,0.012,0.0008455127430849,21.5,4
95350,Stanislaus,0.1026,0.0151,0.0005599888002239,28.8,4
95351,Stanislaus,0.1093,0.0266,0.0015811109939917,42.2,2
95354,Stanislaus,0.1179,0.0228,0.0011605977078195,24.5,3
95355,Stanislaus,0.1028,0.0105,0.000534727586002,36.5,5
95356,Stanislaus,0.1056,0.0135,0.0004422332780541,17.2,6
95357,Stanislaus,0.0947,0.0153,0.0018433179723502,13.4,7
95358,Stanislaus,0.1052,0.0206,0.0021039975954313,31.4,4
95360,Stanislaus,0.0995,0.0135,0.0009096422073984,6.7,4
95361,Stanislaus,0.1055,0.0138,0.0030192608016657,62.3,5
95363,Stanislaus,0.1069,0.0142,0.0016420361247947,57.9,6
95364,Tuolumne,0.092,0.0845,0.2658227848101265,112.4,2
95365,Merced,0.1025,0.0204,0.0054406964091403,1.4,1
95366,San Joaquin,0.097,0.0105,0.0001942124684404,8.2,8
95367,Stanislaus,0.1062,0.0147,0.0001460706982179,12.7,6
95368,Stanislaus,0.1019,0.0146,0.000251572327044,19.3,6
95369,Merced,0.0938,0.0294,0.0427807486631016,13.2,5
95370,Tuolumne,0.1278,0.1104,0.4298896902842596,4115.9,4
95372,Tuolumne,0.1471,0.0786,0.4647058823529412,303.5,4
95374,Merced,0.1078,0.0496,0.0,1.0,1
95376,San Joaquin,0.1034,0.0138,0.0003695218387406,33.4,7
95377,San Joaquin,0.1075,0.0092,0.0012799414883891,42.7,10
95379,Tuolumne,0.1446,0.0817,0.492776886035313,577.4,4
95380,Stanislaus,0.0949,0.0211,0.0014709210228558,34.7,4
95382,Stanislaus,0.1056,0.0127,0.0001962323390894,17.2,6
95383,Tuolumne,0.1528,0.1564,0.6507145230973745,1745.7,5
95386,Stanislaus,0.0924,0.0199,0.0008196721311475,6.6,5
95388,Merced,0.0974,0.0151,0.001131221719457,6.7,2
95389,Mariposa,0.1316,0.0403,0.6229508196721312,293.6,2
95391,San Joaquin,0.1434,0.0081,0.0,32.3,10
95401,Sonoma,0.0895,0.009,0.0015233949945593,48.5,6
95403,Sonoma,0.0906,0.0132,0.0088137422430074,536.0,7
95404,Sonoma,0.0979,0.0202,0.0396925935309517,2058.6,7
95405,Sonoma,0.0841,0.0119,0.0039257134229201,224.7,8
95407,Sonoma,0.0888,0.0168,0.0055500740009866,77.6,5
95409,Sonoma,0.1049,0.0176,0.0143263342082239,1056.0,8
95410,Mendocino,0.0933,0.0539,0.1288782816229117,63.6,1
95412,Sonoma,0.129,0.0326,0.2222222222222222,19.6,3
95415,Mendocino,0.0651,0.0375,0.1263157894736842,79.2,2
95417,Mendocino,0.0545,0.0938,0.18,8.5,1
95419,Sonoma,0.1347,0.0465,0.0,31.5,7
95420,Mendocino,0.0781,0.0563,0.1496062992125984,31.8,2
95421,Sonoma,0.0878,0.0494,0.1829419035846724,214.2,4
95422,Lake,0.1103,0.0414,0.0667391304347826,379.3,1
95423,Lake,0.113,0.034,0.1007957559681697,212.2,1
95425,Sonoma,0.1005,0.0171,0.0480209545983702,422.9,7
95426,Lake,0.1021,0.0721,0.3577749683944374,347.0,6
95427,Mendocino,0.0544,0.0461,0.108695652173913,23.5,3
95428,Mendocino,0.1225,0.0438,0.1239669421487603,32.4,1
95432,Mendocino,0.087,0.0114,0.125,32.8,1
95436,Sonoma,0.0964,0.0349,0.0829059829059829,303.2,7
95437,Mendocino,0.0789,0.0468,0.0279460621457885,349.4,2
95439,Sonoma,0.066,0.0055,0.0,7.5,7
95441,Sonoma,0.1022,0.0234,0.1895093062605753,207.3,8
95442,Sonoma,0.0914,0.0369,0.1203633610900832,619.1,9
95443,Lake,0.1119,0.0274,0.2372881355932203,35.4,1
95444,Sonoma,0.0805,0.0208,0.0070422535211267,1.9,9
95445,Mendocino,0.1141,0.0506,0.1885665529010239,332.8,6
95446,Sonoma,0.1199,0.0401,0.2194231471339905,794.6,5
95448,Sonoma,0.0887,0.0185,0.0752142732202204,930.8,7
95449,Mendocino,0.0896,0.0281,0.1699164345403899,66.8,3
95450,Sonoma,0.0986,0.0255,0.2935483870967741,98.0,6
95451,Lake,0.1054,0.0588,0.2313974591651542,1072.4,3
95452,Sonoma,0.0889,0.0222,0.0616541353383458,324.1,9
95453,Lake,0.0963,0.026,0.0396167788710512,315.6,4
95454,Mendocino,0.0592,0.0744,0.2602230483271375,96.7,1
95456,Mendocino,0.0858,0.0473,0.1733668341708542,116.5,1
95457,Lake,0.098,0.0554,0.3081081081081081,308.4,3
95458,Lake,0.1127,0.039,0.1017699115044247,132.2,1
95459,Mendocino,0.1146,0.0225,0.1156462585034013,62.8,6
95460,Mendocino,0.0851,0.0366,0.0500417014178482,171.5,3
95461,Lake,0.0844,0.0466,0.3042328042328042,352.4,5
95462,Sonoma,0.1123,0.0377,0.1730981256890849,181.8,5
95463,Mendocino,0.1429,0.046,0.0,14.0,2
95464,Lake,0.1103,0.0418,0.1077127659574468,89.0,3
95465,Sonoma,0.0784,0.0222,0.1283582089552238,134.6,8
95466,Mendocino,0.0825,0.0263,0.2149837133550488,90.4,2
95467,Lake,0.1117,0.0415,0.0910224438902743,393.3,4
95468,Mendocino,0.1054,0.0347,0.0682492581602373,48.2,6
95469,Mendocino,0.1047,0.037,0.2418181818181818,119.6,3
95470,Mendocino,0.0726,0.0354,0.0782190132370637,244.3,3
95471,Sonoma,0.1389,0.0289,0.0,16.0,5
95472,Sonoma,0.0739,0.0161,0.020880016296598,521.8,8
95476,Sonoma,0.0945,0.0149,0.0187543014452856,1069.9,7
95482,Mendocino,0.0878,0.0231,0.0517487972955402,1004.2,4
95485,Lake,0.0723,0.0495,0.1450924608819345,108.1,4
95488,Mendocino,0.0874,0.0467,0.2,19.2,1
95490,Mendocino,0.0853,0.0528,0.1881188118811881,711.2,3
95492,Sonoma,0.0888,0.0076,0.0029967727063162,179.8,8
95493,Lake,0.0357,0.0597,0.2105263157894736,11.5,5
95494,Mendocino,0.094,0.0342,0.2993197278911564,49.3,2
95497,Sonoma,0.1047,0.0219,0.0778773259820813,453.1,8
95501,Humboldt,0.0794,0.0264,0.0027565084226646,92.6,2
95503,Humboldt,0.0797,0.0219,0.0106548545432778,267.3,4
95519,Humboldt,0.078,0.0131,0.0122071923457604,181.5,2
95521,Humboldt,0.0841,0.0171,0.0135188866799204,175.2,1
95524,Humboldt,0.0594,0.0098,0.0219092331768388,39.1,5
95525,Humboldt,0.0897,0.0161,0.0550284629981024,37.1,3
95526,Humboldt,0.0903,0.0341,0.3454545454545454,25.9,2
95527,Trinity,0.0948,0.0483,0.4228187919463087,42.6,2
95528,Humboldt,0.0969,0.0451,0.0830860534124629,30.1,5
95531,Del Norte,0.1004,0.0288,0.0146563342318059,214.0,3
95536,Humboldt,0.0697,0.0202,0.0203562340966921,29.4,3
95540,Humboldt,0.0933,0.0174,0.0092314793445649,115.7,2
95542,Humboldt,0.072,0.0673,0.3834951456310679,156.0,1
95543,Del Norte,0.0647,0.0719,0.2831325301204819,64.7,4
95546,Humboldt,0.0933,0.0321,0.147239263803681,17.7,1
95547,Humboldt,0.0814,0.0153,0.002415458937198,11.5,5
95548,Del Norte,0.1303,0.0432,0.0585774058577405,11.4,1
95549,Humboldt,0.0559,0.034,0.1096345514950166,44.3,5
95551,Humboldt,0.0854,0.0179,0.0189573459715639,17.1,2
95552,Trinity,0.0965,0.0743,0.3581081081081081,26.7,1
95554,Humboldt,0.0842,0.0924,0.6263736263736264,71.8,1
95555,Humboldt,0.102,0.0252,0.0952380952380952,8.9,3
95556,Humboldt,0.0267,0.1304,0.4,25.4,1
95558,Humboldt,0.0891,0.0431,0.3017241379310345,19.8,3
95560,Humboldt,0.113,0.0887,0.249438202247191,68.3,2
95562,Humboldt,0.0896,0.0266,0.0094607379375591,45.9,1
95563,Trinity,0.0619,0.1174,0.4090909090909091,106.0,2
95564,Humboldt,0.1014,0.0429,0.0185185185185185,3.5,2
95565,Humboldt,0.0562,0.0451,0.0582010582010582,20.9,1
95567,Del Norte,0.0908,0.0262,0.0202492211838006,24.6,4
95569,Humboldt,0.1154,0.0794,0.3272727272727272,4.8,1
95570,Humboldt,0.0695,0.0334,0.0519607843137254,96.0,3
95573,Humboldt,0.078,0.0527,0.2469325153374233,150.1,1
95585,Mendocino,0.0811,0.0476,0.2463768115942029,8.3,1
95589,Humboldt,0.1341,0.0509,0.1633986928104575,123.4,1
95601,Amador,0.2429,0.076,0.0,47.4,4
95602,Placer,0.1301,0.102,0.3341956345998383,3283.5,7
95603,Placer,0.1269,0.0372,0.0943708609271523,2185.8,5
95605,Yolo,0.1107,0.0247,0.0029801324503311,14.8,3
95607,Yolo,0.15,0.0127,0.0789473684210526,7.6,7
95608,Sacramento,0.1054,0.0134,0.0004808270224786,46.7,6
95610,Sacramento,0.1095,0.0135,0.0006311992786293,21.8,4
95612,Yolo,0.0977,0.0156,0.0040983606557377,1.6,9
95614,El Dorado,0.1729,0.0736,0.2911235257603973,762.7,8
95615,Sacramento,0.1447,0.0345,0.0,0.0,4
95616,Yolo,0.0738,0.0065,0.0003416467372736,9.4,4
95618,Yolo,0.0839,0.0076,0.0007727975270479,19.0,8
95619,El Dorado,0.1367,0.0581,0.2106368089573128,397.6,4
95620,Solano,0.0941,0.0125,0.0003135287662643,12.8,6
95621,Sacramento,0.1164,0.0154,0.0006645622196378,17.3,4
95623,El Dorado,0.145,0.0775,0.3014804845222072,710.7,6
95624,Sacramento,0.1013,0.0125,0.0003627130939426,60.1,8
95626,Sacramento,0.1115,0.0222,0.0038888888888888,9.5,7
95627,Yolo,0.1046,0.0207,0.0010893246187363,4.2,6
95628,Sacramento,0.1034,0.0133,0.0007098743522396,46.6,7
95629,Amador,0.1308,0.0667,0.4405940594059406,192.0,6
95630,Sacramento,0.1161,0.0095,0.0008909046731999,285.7,9
95631,Placer,0.194,0.1386,0.6788707543008381,1579.7,7
95632,Sacramento,0.1029,0.0151,0.0010161454217003,18.4,6
95633,El Dorado,0.1155,0.0979,0.5204525674499565,711.8,5
95634,El Dorado,0.1228,0.101,0.4819383259911894,649.2,5
95635,El Dorado,0.1474,0.1126,0.5872235872235873,265.2,6
95636,El Dorado,0.2381,0.0821,0.3684210526315789,108.6,5
95637,Yolo,0.1284,0.0105,0.0825688073394495,15.2,7
95638,Sacramento,0.0784,0.0169,0.0085470085470085,10.5,8
95640,Amador,0.1285,0.0288,0.0322771690849866,270.9,5
95641,Sacramento,0.1106,0.0264,0.0101351351351351,6.2,2
95642,Amador,0.1329,0.0499,0.1575235109717868,555.5,5
95645,Yolo,0.1247,0.0115,0.0031055900621118,0.6,3
95648,Placer,0.105,0.009,0.0036276243594975,313.1,8
95650,Placer,0.1168,0.0324,0.0613606047132058,993.8,10
95651,El Dorado,0.0852,0.0671,0.3449612403100775,122.6,8
95655,Sacramento,0.1019,0.0263,0.0,3.6,8
95658,Placer,0.126,0.0445,0.0954018048990116,727.1,9
95659,Sutter,0.0577,0.0256,0.0,0.2,6
95660,Sacramento,0.1278,0.0231,0.0008993961197481,11.5,3
95661,Placer,0.0983,0.0086,0.0004268487888165,13.3,8
95662,Sacramento,0.1026,0.0151,0.0006661591168633,24.5,6
95663,Placer,0.1203,0.0361,0.0418454935622317,160.7,9
95664,El Dorado,0.1699,0.085,0.5730337078651685,296.4,8
95665,Amador,0.1986,0.1155,0.5575826681870011,900.8,4
95666,Amador,0.2115,0.1181,0.6191522762951335,1721.8,4
95667,El Dorado,0.1197,0.0936,0.395343196701431,6817.7,6
95668,Sutter,0.0938,0.0373,0.0066225165562913,1.3,7
95669,Amador,0.1148,0.0495,0.2233820459290187,255.5,5
95670,Sacramento,0.1129,0.0129,0.0004926108374384,34.3,6
95672,El Dorado,0.1189,0.0589,0.2931701030927835,809.3,9
95673,Sacramento,0.1249,0.0296,0.0024330900243309,22.1,6
95674,Sutter,0.0778,0.038,0.0125,3.9,6
95677,Placer,0.1034,0.015,0.0010648367250354,98.0,7
95678,Placer,0.1148,0.0124,0.000253164556962,13.3,7
95681,Placer,0.1,0.0179,0.0075757575757575,13.1,7
95682,El Dorado,0.1202,0.0443,0.1544835414301929,2820.1,8
95683,Sacramento,0.1133,0.016,0.0060998856271444,47.4,9
95684,El Dorado,0.145,0.0965,0.5304,590.7,5
95685,Amador,0.1584,0.06,0.2484747642817526,522.7,4
95686,San Joaquin,0.0954,0.0285,0.0,0.9,2
95687,Solano,0.0967,0.01,0.000376627569138,34.9,8
95688,Solano,0.0916,0.0122,0.0040081869350162,279.6,8
95689,Amador,0.1537,0.1271,0.4780701754385965,336.0,5
95690,Sacramento,0.1091,0.0252,0.0085287846481876,6.4,3
95691,Yolo,0.1038,0.013,0.0026438143859969,16.1,7
95692,Yuba,0.108,0.0154,0.0057224606580829,18.8,5
95693,Sacramento,0.0961,0.0237,0.0022271714922048,25.4,9
95694,Yolo,0.095,0.0201,0.0113014947138169,60.6,8
95695,Yolo,0.0908,0.0151,0.0006439150032195,16.6,5
95698,Yolo,0.1667,0.0172,0.0181818181818181,0.6,3
95699,Amador,0.1692,0.05,0.0,24.7,4
95701,Placer,0.1176,0.1178,0.5456674473067916,245.1,6
95703,Placer,0.128,0.1253,0.485179407176287,330.8,8
95709,El Dorado,0.187,0.0938,0.464104013566987,1024.7,4
95713,Placer,0.1709,0.112,0.4545739348370927,1783.7,6
95714,Placer,0.14,0.1101,0.4137931034482758,96.5,6
95715,Placer,0.1806,0.0261,0.5882352941176471,46.6,6
95717,Placer,0.1695,0.0476,0.4819277108433735,40.8,6
95720,El Dorado,0.0992,0.1328,0.4564564564564564,78.4,8
95721,El Dorado,0.2051,0.0654,0.4634146341463415,33.7,5
95722,Placer,0.1613,0.1273,0.598643006263048,1698.2,7
95724,Nevada,0.1609,0.0303,0.2,82.0,4
95726,El Dorado,0.1725,0.15,0.601063829787234,2122.7,5
95728,Nevada,0.0842,0.0498,0.3061041292639138,569.6,4
95735,El Dorado,0.1809,0.0781,0.3115264797507788,79.9,7
95736,Placer,0.2189,0.1094,0.0,13.6,5
95742,Sacramento,0.1229,0.0076,0.0007768800497203,40.3,10
95746,Placer,0.1151,0.0239,0.0301097218678234,1292.2,10
95747,Placer,0.103,0.0072,0.0003698722259583,79.0,9
95757,Sacramento,0.1041,0.0064,0.0001258811681772,44.2,9
95758,Sacramento,0.1002,0.0122,0.0001604792981705,54.0,7
95762,El Dorado,0.1416,0.0245,0.0263313609467455,2563.1,10
95765,Placer,0.1099,0.0079,0.0002476269087907,33.4,9
95776,Yolo,0.0938,0.0098,0.0,12.1,7
95811,Sacramento,0.1139,0.0209,0.0114678899082568,13.6,4
95814,Sacramento,0.1306,0.01,0.0082372322899505,4.5,2
95815,Sacramento,0.1317,0.0337,0.0051399200456881,30.2,2
95816,Sacramento,0.1048,0.0118,0.004250295159386,37.5,6
95817,Sacramento,0.1097,0.0184,0.0038680318543799,12.7,3
95818,Sacramento,0.0967,0.01,0.003076062639821,34.5,8
95819,Sacramento,0.0957,0.0089,0.0009871668311944,17.0,8
95820,Sacramento,0.1183,0.0225,0.0021670428893905,31.4,3
95821,Sacramento,0.1078,0.0119,0.0014893881097182,18.4,2
95822,Sacramento,0.1066,0.0156,0.0015256693874437,33.1,5
95823,Sacramento,0.114,0.0196,0.0005803830528148,47.7,3
95824,Sacramento,0.1246,0.0259,0.0011391375101708,21.0,2
95825,Sacramento,0.1303,0.0185,0.0006514657980456,8.2,3
95826,Sacramento,0.1038,0.0133,0.0005027146591594,14.4,5
95827,Sacramento,0.1123,0.0141,0.0009310986964618,13.0,5
95828,Sacramento,0.118,0.0181,0.0007042704398489,51.3,4
95829,Sacramento,0.1103,0.0126,0.0012453300124533,39.0,8
95830,Sacramento,0.1212,0.0069,0.0039840637450199,4.3,9
95831,Sacramento,0.0791,0.0081,0.0003942284948356,15.4,6
95832,Sacramento,0.1145,0.0198,0.000788643533123,8.7,5
95833,Sacramento,0.1147,0.0146,0.0007880220646178,16.1,5
95834,Sacramento,0.1275,0.0122,0.0,11.3,6
95835,Sacramento,0.1199,0.0077,8.14265939255761e-05,23.7,8
95837,Sacramento,0.0714,0.0424,0.0,2.7,9
95838,Sacramento,0.1212,0.0297,0.0042824201163939,32.9,3
95841,Sacramento,0.131,0.0197,0.000816771031854,7.6,2
95842,Sacramento,0.1217,0.0198,0.000943523385901,9.0,3
95843,Sacramento,0.1179,0.0148,0.000161786118751,6.9,6
95864,Sacramento,0.1032,0.0132,0.0002296738631143,37.6,8
95901,Yuba,0.1143,0.0277,0.0105129390018484,172.8,3
95912,Colusa,0.0973,0.0168,0.0056925996204933,5.0,3
95914,Butte,0.107,0.0574,0.3028846153846153,59.0,3
95916,Butte,0.335,0.0628,0.4222222222222222,86.8,2
95917,Butte,0.1036,0.0227,0.0022909507445589,2.8,5
95918,Yuba,0.1168,0.0469,0.1423076923076923,191.4,6
95919,Yuba,0.2205,0.1623,0.635593220338983,171.3,1
95922,Yuba,0.1061,0.1165,0.5411764705882353,59.0,1
95923,Plumas,0.1111,0.0784,0.4264705882352941,45.8,6
95925,Yuba,0.1636,0.1667,0.547945205479452,33.3,1
95926,Butte,0.0897,0.0127,0.0005350454788657,19.2,3
95928,Butte,0.0998,0.0158,0.0123470045093407,271.0,4
95930,Butte,0.1509,0.129,0.0,63.6,3
95932,Colusa,0.0974,0.0241,0.0025471217524197,9.7,3
95934,Plumas,0.087,0.0421,0.1463414634146341,9.8,3
95935,Yuba,0.1707,0.106,0.5402298850574713,109.9,2
95936,Sierra,0.1159,0.1309,0.4615384615384615,72.8,2
95937,Yolo,0.1108,0.0476,0.0027932960893854,0.8,3
95938,Butte,0.0931,0.0125,0.0046904315196998,6.6,8
95939,Glenn,0.1071,0.0233,0.12,7.4,5
95941,Butte,0.1776,0.2011,0.5413533834586466,48.2,1
95942,Butte,0.128,0.1185,0.5566298342541437,396.2,10
95945,Nevada,0.1149,0.1092,0.3383329235308581,3838.3,2
95946,Nevada,0.1144,0.0826,0.2330809275911027,1815.7,5
95947,Plumas,0.172,0.0523,0.1569086651053864,62.8,3
95948,Butte,0.094,0.0252,0.0022010271460014,5.2,3
95949,Nevada,0.1759,0.1558,0.4984395318595578,4885.6,6
95951,Glenn,0.0719,0.0208,0.0018083182640144,1.2,3
95953,Sutter,0.0994,0.0171,0.0026485054861899,12.4,3
95954,Butte,0.1502,0.0747,0.5823170731707317,1410.7,2
95955,Colusa,0.0982,0.0233,0.0042372881355932,0.0,1
95956,Plumas,0.0954,0.086,0.264,50.4,2
95957,Sutter,0.1319,0.0625,0.008,0.4,4
95959,Nevada,0.1306,0.0984,0.4982689378202465,4896.8,5
95960,Nevada,0.0833,0.1179,0.5282051282051282,86.2,2
95961,Yuba,0.1184,0.0188,0.0009051821679112,15.4,5
95962,Yuba,0.1132,0.0601,0.4772727272727273,178.6,2
95963,Glenn,0.0898,0.0194,0.0029255319148936,16.9,3
95965,Butte,0.1018,0.0332,0.0701212789415656,393.6,1
95966,Butte,0.1072,0.0546,0.2044217309187868,2131.5,3
95968,Butte,0.0826,0.0241,0.0281329923273657,24.9,1
95969,Butte,0.1952,0.0503,0.2284583139264089,1735.8,4
95970,Colusa,0.1328,0.0079,0.02803738317757,3.4,2
95971,Plumas,0.0874,0.0465,0.1705048715677591,397.0,5
95972,Yuba,0.1176,0.0952,0.5185185185185185,16.4,1
95973,Butte,0.0991,0.0143,0.0114093332086411,166.4,6
95975,Nevada,0.0885,0.1216,0.5075885328836425,375.6,3
95977,Nevada,0.1592,0.0737,0.3830935251798561,200.5,5
95979,Colusa,0.1068,0.0231,0.072,17.1,1
95981,Yuba,0.0788,0.1037,0.6085714285714285,82.0,2
95982,Sutter,0.118,0.0193,0.0018467220683287,9.3,7
95983,Plumas,0.0922,0.057,0.1643192488262911,29.6,3
95987,Colusa,0.0896,0.0192,0.0030864197530864,3.9,5
95988,Glenn,0.0922,0.0221,0.0019029495718363,3.8,4
95991,Sutter,0.1113,0.0196,0.0003135123837391,26.0,3
95993,Sutter,0.0981,0.013,9.906875371507826e-05,19.5,5
96001,Shasta,0.1103,0.0227,0.0267398618735611,739.5,4
96002,Shasta,0.1141,0.0184,0.007773851590106,166.1,4
96003,Shasta,0.109,0.0288,0.0555058191584601,981.7,4
96006,Modoc,0.1088,0.0331,0.048780487804878,6.8,2
96007,Shasta,0.1026,0.0338,0.0454219802263934,427.3,3
96008,Shasta,0.1269,0.0689,0.2,91.5,4
96009,Lassen,0.0974,0.0226,0.0,4.0,1
96013,Shasta,0.1257,0.0673,0.0987472365512159,152.5,1
96014,Siskiyou,0.0769,0.0811,0.2297297297297297,13.3,3
96015,Modoc,0.1194,0.0,0.1343283582089552,14.1,2
96016,Shasta,0.093,0.056,0.1513513513513513,42.1,3
96017,Shasta,0.1182,0.072,0.3652173913043478,23.7,3
96019,Shasta,0.1061,0.0416,0.0593540878673261,230.2,3
96020,Plumas,0.0881,0.0407,0.1541049798115747,403.3,5
96021,Tehama,0.0958,0.0411,0.0316269096756901,91.6,2
96022,Shasta,0.1045,0.0546,0.0792647903503733,452.0,5
96023,Siskiyou,0.1227,0.0437,0.032051282051282,14.0,1
96024,Trinity,0.0743,0.0466,0.3696969696969697,93.7,1
96025,Siskiyou,0.1144,0.0734,0.2478991596638655,223.4,1
96027,Siskiyou,0.0792,0.0447,0.1179487179487179,71.7,3
96028,Shasta,0.1064,0.0567,0.0763500931098696,63.9,4
96032,Siskiyou,0.0725,0.0477,0.1164556962025316,103.3,3
96033,Shasta,0.1069,0.0189,0.27,22.8,7
96034,Siskiyou,0.0526,0.0515,0.0987654320987654,4.6,4
96035,Tehama,0.1022,0.0376,0.0013210039630118,6.9,1
96038,Siskiyou,0.1044,0.0365,0.0185185185185185,8.9,4
96039,Siskiyou,0.1548,0.0753,0.3494623655913978,41.2,1
96040,Shasta,0.0741,0.055,0.1515151515151515,15.0,3
96041,Trinity,0.0878,0.0431,0.1559485530546623,58.7,1
96044,Siskiyou,0.1045,0.0466,0.0835443037974683,33.4,1
96046,Trinity,0.087,0.0488,0.2567567567567567,6.0,1
96047,Shasta,0.1111,0.049,0.2244094488188976,64.6,7
96048,Trinity,0.0459,0.0201,0.2077922077922078,35.7,2
96050,Siskiyou,0.0769,0.0584,0.2407407407407407,16.2,1
96051,Shasta,0.1135,0.0372,0.3306836248012718,187.1,3
96052,Trinity,0.0737,0.0379,0.2864583333333333,118.5,2
96054,Modoc,0.1096,0.0513,0.0933333333333333,7.1,2
96055,Tehama,0.1172,0.036,0.0064279155188246,17.5,2
96056,Lassen,0.0862,0.0391,0.1162790697674418,32.9,2
96057,Siskiyou,0.0968,0.0728,0.150632911392405,133.2,1
96058,Siskiyou,0.0342,0.0677,0.1071428571428571,8.4,1
96059,Tehama,0.125,0.0691,0.2315270935960591,0.0,4
96061,Tehama,0.0616,0.0628,0.4174757281553398,45.9,4
96062,Shasta,0.0898,0.0445,0.1005291005291005,59.8,5
96063,Tehama,0.1029,0.1026,0.3668639053254438,41.9,4
96064,Siskiyou,0.0993,0.0345,0.0458970792767733,97.4,2
96065,Shasta,0.1043,0.0415,0.3814432989690721,62.7,2
96067,Siskiyou,0.0987,0.0309,0.0570147341447789,714.0,2
96069,Shasta,0.0842,0.0946,0.2327868852459016,70.4,4
96071,Shasta,0.0855,0.0963,0.3227848101265823,35.5,3
96073,Shasta,0.1022,0.0402,0.0471464019851116,132.6,8
96075,Tehama,0.0405,0.0312,0.3815789473684211,16.8,4
96080,Tehama,0.1062,0.0302,0.0264861683343143,262.8,3
96086,Siskiyou,0.1263,0.0202,0.2736842105263158,14.5,1
96087,Shasta,0.0745,0.0563,0.1304347826086956,57.3,7
96088,Shasta,0.1062,0.0677,0.3503538928210313,562.1,4
96089,Shasta,0.1,0.1127,0.0,2.8,3
96091,Trinity,0.0733,0.0707,0.2948490230905861,175.4,2
96093,Trinity,0.089,0.0347,0.0771979985704074,123.9,3
96094,Siskiyou,0.0964,0.0288,0.0490797546012269,327.2,3
96096,Shasta,0.0984,0.0726,0.2988505747126437,84.4,5
96097,Siskiyou,0.0913,0.0309,0.0382390745501285,250.7,1
96101,Modoc,0.1098,0.0259,0.0190201729106628,72.5,2
96103,Plumas,0.0875,0.0475,0.2978873239436619,441.0,3
96104,Modoc,0.0938,0.008,0.0393013100436681,14.9,1
96105,Plumas,0.067,0.033,0.1497326203208556,31.6,1
96106,Plumas,0.1044,0.0501,0.28328611898017,150.0,3
96107,Mono,0.1378,0.0618,0.0722021660649819,21.8,4
96108,Modoc,0.0759,0.0,0.0571428571428571,10.4,2
96109,Lassen,0.1119,0.0456,0.0539419087136929,14.4,1
96111,Nevada,0.129,0.0303,0.352112676056338,30.5,4
96112,Modoc,0.1429,0.0,0.06,5.5,1
96113,Lassen,0.0945,0.0372,0.0228310502283105,6.0,1
96114,Lassen,0.0863,0.0306,0.1015936254980079,191.6,3
96116,Modoc,0.1034,0.0,0.02,4.3,2
96117,Lassen,0.0833,0.0673,0.0,5.5,5
96118,Sierra,0.115,0.0425,0.0635514018691588,67.1,2
96120,Alpine,0.1155,0.0421,0.3690205011389522,180.7,7
96121,Lassen,0.0845,0.0366,0.0873015873015873,20.0,1
96122,Plumas,0.0939,0.0622,0.2321212121212121,468.4,1
96124,Sierra,0.1027,0.0654,0.3115577889447236,57.6,2
96125,Sierra,0.0932,0.0627,0.39067055393586,126.1,2
96126,Sierra,0.1037,0.0278,0.1666666666666666,48.6,2
96128,Lassen,0.1111,0.0274,0.0310077519379844,4.4,5
96129,Plumas,0.1068,0.023,0.1030927835051546,15.1,1
96130,Lassen,0.0999,0.0233,0.0384769539078156,422.1,3
96133,Mono,0.1463,0.0267,0.0333333333333333,4.9,4
96134,Siskiyou,0.1232,0.0278,0.009501187648456,5.5,1
96137,Lassen,0.1052,0.0633,0.2584233947870311,1002.7,6
96140,Placer,0.1507,0.0506,0.3782521681120747,1085.9,9
96141,Placer,0.1077,0.0406,0.2777292576419214,983.2,8
96142,El Dorado,0.1033,0.0444,0.2956011730205278,1014.9,5
96143,Placer,0.1232,0.0607,0.3379867744305657,645.9,2
96145,Placer,0.1175,0.0634,0.3599303135888502,2148.3,9
96146,Placer,0.2505,0.0754,0.5184577522559475,1456.2,8
96148,Placer,0.0983,0.0662,0.4095808383233533,604.9,6
96150,El Dorado,0.1219,0.0557,0.2317112060718158,5176.3,5
96161,Nevada,0.1386,0.0749,0.3397889977392614,9124.9,9
